TNF,96
IL1B,95
IL6,95
CCL2,93
IFNG,93
IL10,93
TGFB1,93
NFKB1,90
TLR4,89
CCL5,85
TLR2,85
NOS3,80
CXCL10,79
NR3C1,79
STAT1,79
STAT3,79
BDNF,78
CRH,72
HTR2A,72
IL4,71
NOS2,71
SLC6A4,71
CCR5,70
MAPK1,68
NR3C2,68
ADRA2A,67
CXCR4,67
ACE,65
CD4,64
IL2,64
NGF,64
HLA-DRB1,63
MAPK14,60
TLR9,59
CAT,58
CD8A,58
ADRB2,57
HLA-DQB1,57
GPX1,56
SOD2,56
CD19,50
IL17A,49
IRF7,49
CTLA4,44
CD38,42
CD69,42
PDCD1,41
CXCL8,40
RELA,40
LAG3,39
LDHA,39
PPARGC1A,39
COX4I1,38
GZMB,38
HAVCR2,38
PRF1,38
HTR1A,37
MAPK3,37
SDHA,37
IRF3,36
AGT,35
TNFRSF1B,34
AVPR1A,33
GABRA1,33
SOD1,33
OAS1,32
SDHB,32
UQCRB,31
CYCS,30
TNFRSF1A,30
ATP5F1A,29
SLC6A3,29
EDN1,28
GDNF,28
IL23A,28
MMP9,28
NFKB2,28
NOS1,28
SLC6A2,28
CX3CR1,27
DRD2,26
LDHB,26
ANGPT2,25
AVPR1B,25
CS,25
GABRB1,25
GFAP,25
HLA-C,25
RNASEL,25
SIRT1,24
PPARGC1B,23
ATP2A2,22
IL1R1,22
IL6R,22
OAS2,22
S100B,22
SELE,22
TNFAIP3,22
GSR,21
ICAM1,21
MAPK8,21
MX1,21
NDUFS1,21
OAS3,21
VCAM1,21
COX5B,20
HMOX1,20
MTOR,20
POMC,20
PTGS2,20
ATP1A1,19
CHRM3,19
MMP2,19
ACTN3,18
APOE,18
AVP,18
GZMA,18
IL22,18
UQCRC1,18
COX5A,17
CRHR1,17
GAD1,17
IFNGR1,17
IL13,17
SLC25A4,17
ANGPT1,16
CCL11,16
CD40,16
CHRM1,16
CXCL9,16
GAD2,16
GRM5,16
IFNGR2,16
IL12A,16
IL2RA,16
IRF9,16
SDHC,16
ADRA1A,15
CCR7,15
CD86,15
CNR1,15
CRHR2,15
GABRG1,15
HK2,15
IL21,15
NDUFV1,15
NTF3,15
OXTR,15
SDHD,15
STAT4,15
ADRB1,14
CD80,14
CHRM2,14
COMT,14
GPX4,14
IL15,14
IL9,14
UQCRC2,14
CD28,13
DRD4,13
GRIN2B,13
HIF1A,13
IDO1,13
IL18,13
IRF5,13
NTF4,13
SIRT3,13
TEK,13
ACO2,12
ATP1B1,12
ATP5F1B,12
CCR2,12
CNR2,12
CXCR5,12
FOS,12
IL17F,12
IL33,12
JUN,12
KLRK1,12
NDUFB8,12
NRG1,12
OGDH,12
SLC17A5,12
TGFBR1,12
XCL1,12
AKT1,11
CASP1,11
CX3CL1,11
CYC1,11
GABRG2,11
GAPDH,11
IDH2,11
IL12B,11
IL5,11
ITGAM,11
NLRP3,11
SLC18A2,11
TFAM,11
TGFBR2,11
ACAT1,10
CCL3,10
GCLC,10
GLUL,10
GRIN2A,10
GRM1,10
IL2RB,10
ITGB2,10
LCK,10
MPO,10
MX2,10
NPY,10
PFKM,10
RELB,10
VWF,10
ADRA1B,9
ALDOA,9
CCL4,9
CREB1,9
FLT1,9
HTR1B,9
IL1R2,9
IL31,9
PDHB,9
PTGES,9
SLC1A2,9
SLC2A4,9
TLR3,9
ADRA2C,8
CCR3,8
CXCL12,8
DLAT,8
ENO1,8
FAS,8
FASLG,8
FH,8
FLT4,8
GRM2,8
HSD11B1,8
IDO2,8
MYD88,8
NDUFS2,8
NQO1,8
PPARG,8
SELL,8
SELP,8
SIRT5,8
SLC6A1,8
STAT5A,8
STAT6,8
TRAF6,8
TXN,8
UQCRFS1,8
XCL2,8
ALOX5,7
CASP3,7
CXCL11,7
EGF,7
HSD11B2,7
HTR1D,7
PIK3CA,7
RBCK1,7
SLC1A1,7
TIMP2,7
TPI1,7
TXNRD1,7
XCR1,7
BAX,6
BCL2,6
CCL22,6
CRP,6
DRD1,6
GABBR1,6
GABRB2,6
GSK3B,6
IL12RB1,6
IL4R,6
IL6ST,6
LEP,6
MDH2,6
NDUFAB1,6
NRF1,6
PECAM1,6
PIK3R1,6
RORC,6
SLC2A1,6
STAT2,6
VIP,6
ZAP70,6
ACTA2,5
ADORA2A,5
ADRA2B,5
CASP8,5
CASP9,5
CCL17,5
CD27,5
CHRM4,5
CPT1A,5
CSF2,5
CSF3,5
FOXO3,5
GCLM,5
GRIN1,5
HMGB1,5
HMGCR,5
HTR3A,5
IFNB1,5
IL12RB2,5
ITGAL,5
JAK1,5
JAK2,5
KDR,5
KIR2DL1,5
KIR3DL1,5
LTB4R,5
MAPK9,5
NCR1,5
NFE2L2,5
OPRM1,5
PKM,5
PPARA,5
S100A8,5
S100A9,5
SAA1,5
XBP1,5
ACAT2,4
ACTN2,4
ADORA1,4
ADORA2B,4
AK2,4
ARG1,4
ATP5F1C,4
ATP6V1A,4
BCL2L1,4
BDKRB2,4
CD14,4
CD244,4
CFTR,4
CLDN5,4
CREBBP,4
CXCL1,4
CYBA,4
EGR1,4
EIF2AK2,4
FASN,4
FGF2,4
GABBR2,4
GHRL,4
GRM3,4
GSS,4
HLA-A,4
HSP90AA1,4
HSPB6,4
ICOS,4
IGF1,4
IL15RA,4
ITGAX,4
LEPR,4
LIF,4
NAMPT,4
NDUFS3,4
OCLN,4
OPRD1,4
OSM,4
PDGFB,4
PER1,4
PGAM1,4
ROS1,4
SLAMF7,4
STAT5B,4
TJP1,4
TYK2,4
ACTB,3
ADAM17,3
ADIPOQ,3
AGER,3
AGTR1,3
ANKIB1,3
AOC1,3
ARF5,3
ARHGAP33,3
ATF6,3
BAD,3
BTLA,3
CALCR,3
CAMKK1,3
CASP10,3
CCL19,3
CCL20,3
CCR4,3
CD3G,3
CDC27,3
CFH,3
CFLAR,3
CHAT,3
CHRNA7,3
CLOCK,3
COL1A1,3
COL3A1,3
COX6A1,3
COX6C,3
CPT1B,3
CRY1,3
CXCL2,3
CYP1B1,3
CYP26B1,3
CYP2E1,3
CYP51A1,3
DPM1,3
DRD3,3
DVL2,3
EGFR,3
ENPP4,3
FGA,3
FGF1,3
FGFR1,3
FGG,3
FGR,3
FKBP4,3
FKBP5,3
FUCA2,3
GAL,3
GLS,3
GNB3,3
GRIK1,3
HECW1,3
HLA-B,3
HRH1,3
HRH2,3
HRH3,3
HRH4,3
HS3ST1,3
HSPB1,3
HTR7,3
ICA1,3
IGF1R,3
IL23R,3
IL7,3
IL7R,3
ISG15,3
KDM1A,3
KEAP1,3
KRIT1,3
LAP3,3
LASP1,3
M6PR,3
MAD1L1,3
MADCAM1,3
MC2R,3
MIF,3
MTMR7,3
MYH16,3
NCF1,3
NDUFAF7,3
NFYA,3
NIPAL3,3
NOD2,3
NR1D1,3
OXT,3
PDK4,3
PDYN,3
PENK,3
PER2,3
PLG,3
PLXND1,3
POLDIP2,3
PPARD,3
PPY,3
PRDX1,3
PRSS22,3
PTEN,3
PTGER2,3
PTPN22,3
PTPRC,3
RAD52,3
RBM5,3
RBM6,3
RECQL,3
RSAD2,3
SAA2,3
SARM1,3
SCYL3,3
SEMA3F,3
SLC17A6,3
SLC1A3,3
SLC22A16,3
SLC25A12,3
SLC25A13,3
SLC4A1,3
SLC7A2,3
SNX11,3
SST,3
ST7,3
STPG1,3
TACR1,3
TACR3,3
TFPI,3
TMEM176A,3
TNFRSF25,3
TNFSF13B,3
TREM2,3
UCN,3
UPF1,3
VIPR1,3
VPS50,3
WNT16,3
ZMYND10,3
ABCB1,2
ABCB5,2
ABCC1,2
ABCG2,2
ACHE,2
ACSM3,2
ACTN1,2
ACTN4,2
ADA,2
ADIPOR1,2
ADORA3,2
ADRB3,2
AIM2,2
ALB,2
ALS2,2
ARG2,2
ARNTL,2
ATP5F1D,2
ATP5PB,2
ATP6V0A1,2
ATP6V0A2,2
ATP6V1D,2
ATP6V1E1,2
ATP6V1F,2
BCHE,2
BIN1,2
BLVRB,2
C1orf112,2
CACNA1C,2
CAMK2B,2
CARTPT,2
CCK,2
CCL21,2
CCR6,2
CCR9,2
CD163,2
CD247,2
CD3D,2
CD3E,2
CD48,2
CHRM5,2
CLU,2
COL1A2,2
COL4A1,2
COX4I2,2
COX6B1,2
COX7A2,2
CRY2,2
CSNK2A1,2
CYP11B1,2
CYP17A1,2
CYP1A1,2
CYP2D6,2
DBNDD1,2
DHX33,2
DLD,2
DRD5,2
DUOX1,2
ESAM,2
FGB,2
FOXO1,2
GLRA1,2
GLRB,2
GNRHR,2
GRIA1,2
GRIA2,2
GRK5,2
HLA-DPB1,2
HLA-DRA,2
HOXA11,2
HP,2
HSP90AB1,2
HSPA1A,2
HSPA5,2
HTR3B,2
HTR3C,2
HTR4,2
HTR5A,2
HTR6,2
IFNA1,2
IL1RN,2
IRS1,2
ITGB1,2
ITGB3,2
JAK3,2
JAM2,2
LIG3,2
LTA,2
LTB,2
MAPK10,2
MAPT,2
MC4R,2
MCUB,2
MEOX1,2
MT1A,2
MT2A,2
MYH11,2
NCF2,2
NCR3,2
NDUFS7,2
NDUFV2,2
NFKBIA,2
NGFR,2
NLRP1,2
NOX4,2
NQO2,2
NT5E,2
OPRK1,2
P2RX7,2
PDGFRB,2
PGAM2,2
PICALM,2
POLR2J,2
PRDX2,2
PRDX3,2
PRDX5,2
PRKRA,2
PTGDS,2
PTGER4,2
PTGES2,2
PTGS1,2
PYGB,2
PYGL,2
PYGM,2
RAC2,2
REN,2
REXO5,2
RPAP3,2
SERPINE1,2
SIRT6,2
SKAP2,2
SLC16A1,2
SLC16A3,2
SLC17A7,2
SLC17A9,2
SLC1A5,2
SLC1A6,2
SLC1A7,2
SLC25A1,2
SLC25A15,2
SLC38A3,2
SLC6A9,2
SLC7A5,2
TDO2,2
TF,2
TGFB2,2
THSD7A,2
TIE1,2
TIMP3,2
TNFRSF10B,2
TNFRSF9,2
TNFSF10,2
UBE2L3,2
VEGFA,2
VEGFB,2
XDH,2
ABCB4,1
ABCC2,1
ABCD4,1
ABHD1,1
ABI1,1
AC002059.11,1
AC006547.15,1
AC008154.4,1
AC008984.2,1
AC009227.3,1
AC010096.1,1
AC011525.4,1
AC016644.1,1
AC019185.3,1
AC020743.4,1
AC093698.4,1
AC104532.3,1
AC144568.4,1
AC159540.3,1
ACAA2,1
ACACA,1
ACADL,1
ACTL7A,1
ADAMTS19,1
ADH1B,1
ADIPOR2,1
ADRA1D,1
AGA,1
AHR,1
AJ011931.1,1
ALCAM,1
ALDH2,1
ALG1L11P,1
ANGPTL3,1
ANKDD1B,1
ANKRD2,1
AP000477.2,1
AP000936.1,1
APAF1,1
APEX1,1
APOC1,1
APOL1,1
APOL2,1
APOL3,1
APP,1
ARL15,1
ATP5F1E,1
ATP5PD,1
ATP5PO,1
ATP6V0A4,1
ATP6V0B,1
ATP6V0C,1
ATP6V1C1,1
B4GALT2,1
BDKRB1,1
BLK,1
BRCA1,1
BST2,1
C10orf55,1
C11orf91,1
C1orf52,1
C1QA,1
C1QB,1
C1QC,1
C1QTNF1,1
C1QTNF1-AS1,1
C1QTNF12,1
C1QTNF2,1
C1QTNF3,1
C1QTNF3-AMACR,1
C1QTNF4,1
C1QTNF5,1
C1QTNF6,1
C1QTNF7,1
C1QTNF7-AS1,1
C1QTNF8,1
C1QTNF9,1
C1QTNF9-AS1,1
C1QTNF9B,1
C2CD4A,1
C2CD4B,1
C2CD4C,1
C2CD4D,1
C2CD4D-AS1,1
CAMK2N2,1
CCAR1,1
CCDC105,1
CCDC61,1
CCKAR,1
CCKBR,1
CCL1,1
CCL13,1
CCL18,1
CCL23,1
CCL24,1
CCL25,1
CCL26,1
CCL27,1
CCL28,1
CCL7,1
CCL8,1
CCNDBP1,1
CCNH,1
CCNQP3,1
CCR1,1
CCR10,1
CCR8,1
CD160,1
CD1A,1
CD1B,1
CD1C,1
CD209,1
CD274,1
CD36,1
CD44,1
CD44-AS1,1
CD46,1
CD46P1,1
CD47,1
CD58,1
CD68,1
CD70,1
CD81,1
CD82,1
CD83,1
CD84,1
CD8B,1
CDCA7L,1
CDH5,1
CDKL2,1
CDKN1A,1
CETP,1
CH17-262A2.1,1
CH17-262O2.2,1
CHUK,1
CIAPIN1,1
CKM,1
CLDN1,1
CLEC19A,1
CNTF,1
COL4A2,1
COPZ2,1
COQ8A,1
CORT,1
COX10,1
COX7A1,1
COX7B2,1
COX7C,1
CPLX2,1
CPT2,1
CRHBP,1
CROT,1
CTA-459N13.2,1
CTC-273B12.13,1
CTC-444N24.13,1
CTC-529L17.2,1
CTD-2054N24.2,1
CTD-2308N23.4,1
CTD-2396E7.7,1
CTD-2545G14.4,1
CTD-2557P19.4,1
CTD-2651B20.5,1
CTSB,1
CTSD,1
CTSS,1
CXADR,1
CXCL13,1
CXCL16,1
CXCL3,1
CXCL5,1
CXCL6,1
CXCR1,1
CXCR2,1
CXCR6,1
CYP19A1,1
CYP1A2,1
CYP2C9,1
CYP3A4,1
CYP4F22,1
DAAM2,1
DAO,1
DDR1,1
DDR2,1
DDX39A,1
DHCR7,1
DIO1,1
DIO2,1
DIO3,1
DIS3,1
DISP3,1
DND1P1,1
DPRXP3,1
DUOX2,1
DUSP22,1
EBF3,1
EDDM3B,1
EGLN3,1
EIF2AK4,1
EIF2AP4,1
ELANE,1
ENG,1
ENSG10010135103.1,1
ENSG10010135223.1,1
ENSG10010137167.1,1
ENSG10010139087.1,1
ENSG10010140082.1,1
EOMES,1
EPHA1,1
EPHA2,1
EPHB2,1
EPO,1
ERBB2,1
ERN1,1
ERVK-28,1
ESM1,1
F3,1
F7,1
FAM13B,1
FAM193A,1
FAM214B,1
FBP1,1
FBXL3,1
FDPSP1,1
FGFR2,1
FGFR3,1
FHIT,1
FIGNL2,1
FLG,1
FLJ43315,1
FLRT2,1
FN1,1
FTL,1
GABRD,1
GABRG3,1
GABRP,1
GADD45A,1
GADL1,1
GALR1,1
GALT,1
GATA3,1
GCFC2,1
GHSR,1
GIT1,1
GLRA3,1
GNG5,1
GOLGA6L6,1
GPBAR1,1
GPBP1L1,1
GPR55,1
GRAMD2A,1
GRIA4,1
GRIK2,1
GRIK3,1
GRIK4,1
GRIK5,1
GRIN2C,1
GRIN2D,1
GRIN3A,1
GRIN3B,1
GRK2,1
GRM6,1
GRM7,1
GRM8,1
H2AC1,1
HABP2,1
HACD3,1
HACD4,1
HCRTR1,1
HCRTR2,1
HERC5,1
HLA-DRB5,1
HMGB1P6,1
HMGN2P27,1
HMGN2P28,1
HMOX2,1
HNRNPA1P16,1
HNRNPCP8,1
HPX,1
HS6ST1,1
HSPA1B,1
HSPA8,1
HSPA9,1
HSPE1P3,1
HTR1F,1
HTR2B,1
HTR3D,1
HTR3E,1
IBTK,1
ICAM4,1
IDH1,1
IDH2-DT,1
IFIT1,1
IFIT2,1
IFIT3,1
IFNA2,1
IFNAR1,1
IFNAR2,1
IFNG-AS1,1
IFT88,1
IGF2,1
IGF2BP1,1
IGF2R,1
IGHV3-16,1
IGLV3-30,1
IKBKB,1
IL18RAP,1
IL21R,1
IL26,1
IL3,1
IL36A,1
IL37,1
IL5RA,1
IL6-AS1,1
IL6R-AS1,1
IL6RP1,1
IL6STP1,1
IRS2,1
ITGA5,1
KCNQ1,1
KLHL2,1
KLRD1,1
KMO,1
KMT2E,1
KRT8P22,1
KYNU,1
LBP,1
LCAT,1
LDLR,1
LHB,1
LINC00304,1
LINC00489,1
LINC01002,1
LINC01046,1
LINC01239,1
LINC01291,1
LINC01518,1
LINC01889,1
LINC02123,1
LINC02388,1
LINC02434,1
LINC02868,1
LOH12CR2,1
LOXL1,1
LRRC24,1
LTA4H,1
LTC4S,1
LYN,1
MARCHF11-AS1,1
MBLAC2,1
MBNL1,1
MDK,1
MED13,1
MFRP,1
MICA,1
MICB,1
MIR1279,1
MIR4507,1
MIR4677,1
MIR483,1
MIR6075,1
MIR642B,1
MIR6514,1
MIR6835,1
MMP7,1
MPZL2,1
MRC1,1
MRGPRX12P,1
MS4A6A,1
MTHFR,1
MTHFS,1
MTMR11,1
MTRNR2L12,1
MUC2,1
MYC,1
MYCBP2,1
MYH1,1
MYH7,1
MYH9,1
MYL2,1
MYL3,1
NAALAD2,1
NCF4,1
NDUFA2,1
NDUFAF2P2,1
NDUFB1,1
NDUFB2,1
NDUFB4P4,1
NDUFC1,1
NDUFC2,1
NDUFS8,1
NF1P6,1
NFIL3,1
NFKBIB,1
NKG7,1
NLGN1,1
NOL12,1
NOS1AP,1
NOTCH2NLC,1
NPAS2,1
NPM1P36,1
NPM1P48,1
NR1H3,1
NRG3,1
NRGN,1
NRXN1,1
NTRK1,1
NTRK2,1
NTRK3,1
NUP85,1
NUPR2,1
OGG1,1
OR11J6P,1
OR1N1,1
OR2B4P,1
OR4E2,1
OR51E2,1
OR52X1P,1
OR7C1,1
OR7E53P,1
OXLD1,1
P4HA1,1
PAK1,1
PAM16,1
PARP1,1
PARP9,1
PCK1,1
PCLO,1
PDCD4,1
PDCD4-AS1,1
PDGFRA,1
PDHX,1
PDK2,1
PDLIM5,1
PDZD3,1
PER3,1
PFKFB3,1
PGAM5,1
PGF,1
PHF20L1,1
PHF5CP,1
PHOSPHO1,1
PKLR,1
PLA2G4A,1
PLAT,1
PLAU,1
PLCD4,1
PLD6,1
PON1,1
POSTN,1
PPIAP2,1
PPIL6,1
PPP6R2,1
PRDX6,1
PRKAA1,1
PRKAB1,1
PRKAG1,1
PRKAR2B,1
PRKCA,1
PRKCB,1
PRKCD,1
PRKDC,1
PRKN,1
PRRT4,1
PRSS56,1
PTCD2P1,1
PTGER1,1
PTGER3,1
PTGES3,1
PTK2,1
PTPN1,1
PTPN2,1
PTX3,1
PYCARD,1
PYY,1
RAB34,1
RAC1,1
RALGPS1,1
REL,1
RETN,1
REV1,1
REV3L-IT1,1
RHBDD2,1
RHOA,1
RIF1,1
RIPK1,1
RMI2,1
RN7SKP152,1
RN7SL542P,1
RN7SL594P,1
RNA5SP323,1
RNU4-69P,1
RNU6-21P,1
RNU6-414P,1
RNU7-35P,1
RNU7-71P,1
RORA,1
RP1-127L4.7,1
RP1-65P5.3,1
RP1-90J20.2,1
RP1-91J24.1,1
RP11-102F4.2,1
RP11-114O18.1,1
RP11-134N1.2,1
RP11-139K4.5,1
RP11-142E9.1,1
RP11-153M7.3,1
RP11-15H20.6,1
RP11-163O19.1,1
RP11-182L21.6,1
RP11-196I18.3,1
RP11-222G7.2,1
RP11-225H22.4,1
RP11-248M19.2,1
RP11-250B2.6,1
RP11-257I14.1,1
RP11-25H11.1,1
RP11-276H1.2,1
RP11-296I10.5,1
RP11-320A16.1,1
RP11-325K2.1,1
RP11-328K2.1,1
RP11-347H15.3,1
RP11-349L8.1,1
RP11-367J7.3,1
RP11-370A5.1,1
RP11-382H24.2,1
RP11-384K6.6,1
RP11-386G21.2,1
RP11-399C16.3,1
RP11-404P21.3,1
RP11-407G23.1,1
RP11-415K20.2,1
RP11-434H14.1,1
RP11-452L6.5,1
RP11-46F15.2,1
RP11-496I2.2,1
RP11-496O3.3,1
RP11-498P14.3,1
RP11-520E6.1,1
RP11-521D12.1,1
RP11-552F3.4,1
RP11-564C24.1,1
RP11-566K11.2,1
RP11-566K19.6,1
RP11-578F21.2,1
RP11-621K7.1,1
RP11-638I2.2,1
RP11-640N20.9,1
RP11-641A6.3,1
RP11-646E18.4,1
RP11-692C24.2,1
RP11-707P17.2,1
RP11-725D20.1,1
RP11-725M22.1,1
RP11-756P10.7,1
RP11-781E19.1,1
RP11-793L10.2,1
RP11-807H22.7,1
RP11-812E19.12,1
RP11-829H16.1,1
RP11-84O12.3,1
RP11-96D1.3,1
RP13-459H7.1,1
RP3-406A7.1,1
RP4-568F9.6,1
RP4-655C5.4,1
RP4-705F19.1,1
RP4-749H3.3,1
RP5-1039K5.12,1
RP5-1096D14.3,1
RP5-1180D12.1,1
RPIA,1
RPL32P6,1
RPL35AP10,1
RSU1P3,1
RTEL1-TNFRSF6B,1
RTP4,1
RXRA,1
RYR1,1
RYR3,1
SCN5A,1
SCN8A,1
SCN9A,1
SDAD1,1
SDHCP4,1
SEC16A,1
SELENOTP1,1
SENP3-EIF4A1,1
SH2B3,1
SIRT2,1
SIRT4,1
SIRT7,1
SLAMF1,1
SLC10A4,1
SLC12A2,1
SLC12A5,1
SLC12A6,1
SLC16A6,1
SLC16A9,1
SLC17A8,1
SLC18A1,1
SLC1A4,1
SLC22A1,1
SLC22A13,1
SLC22A2,1
SLC22A3,1
SLC25A10,1
SLC25A16,1
SLC25A17,1
SLC25A19,1
SLC25A20,1
SLC25A21,1
SLC25A22,1
SLC25A23,1
SLC25A24,1
SLC25A25,1
SLC25A27,1
SLC25A28,1
SLC25A29,1
SLC25A3,1
SLC29A4,1
SLC2A12,1
SLC2A5,1
SLC30A1,1
SLC32A1,1
SLC38A7,1
SLC39A1,1
SLC39A12-AS1,1
SLC39A14,1
SLC40A1,1
SLC47A1,1
SLC5A1,1
SLC5A5,1
SLC5A6,1
SLC7A8,1
SLC9A1,1
SLC9A3R1,1
SLC9A3R2,1
SMIM34B,1
SNORA31,1
SNORD22,1
SNORD98,1
SOX8,1
SPAM1,1
SPATA12,1
SPNS2,1
SPPL2B,1
SPTBN2,1
SREBF1,1
SRGN,1
SRIP1,1
SRXN1,1
SSTR1,1
SSTR2,1
SSTR3,1
SSTR4,1
SSTR5,1
STAC3,1
SUCLA2,1
SUCLG1,1
SUMO1,1
SUMO2,1
SUMO3,1
SUSD2P2,1
SYK,1
TAC1,1
TACR2,1
TALDO1,1
TAP1,1
TAP2,1
TBC1D26-AS1,1
TBX21,1
TERB1,1
TGFA,1
TGFB3,1
THBD,1
THRA,1
THRB,1
TKT,1
TLCD4,1
TLCD4-RWDD3,1
TLN1,1
TMEM154,1
TMEM200B,1
TNFAIP1,1
TNFAIP2,1
TNFAIP6,1
TNFAIP8,1
TNFAIP8L1,1
TNFAIP8L2,1
TNFAIP8L3,1
TNFRSF10A,1
TNFRSF10A-AS1,1
TNFRSF10C,1
TNFRSF10D,1
TNFRSF11A,1
TNFRSF11B,1
TNFRSF12A,1
TNFRSF13B,1
TNFRSF13C,1
TNFRSF14,1
TNFRSF14-AS1,1
TNFRSF17,1
TNFRSF18,1
TNFRSF19,1
TNFRSF21,1
TNFRSF4,1
TNFRSF6B,1
TNFRSF8,1
TNFSF11,1
TNFSF12,1
TNFSF12-TNFSF13,1
TNFSF13,1
TNFSF14,1
TNFSF15,1
TNFSF18,1
TNFSF4,1
TNFSF8,1
TNFSF9,1
TNKS2-AS1,1
TNNC1,1
TNNC2,1
TNNI3,1
TNNT2,1
TOX,1
TPM1,1
TPM2,1
TPRKBP1,1
TRAF2,1
TRAJ32,1
TRBJ1-2,1
TREM1,1
TRIM21,1
TRPM3,1
TSG101,1
TSHR,1
TSLP,1
TSPOAP1,1
UCKL1,1
UQCRQ,1
VARS2,1
VCL,1
VDR,1
VENTXP7,1
VIPR2,1
VN1R91P,1
VSTM5,1
WDR54,1
WNK2,1
XRCC5,1
XRCC6,1
Y_RNA,1
ZFPM2,1
ZNF195,1
ZNF234,1
