CXCL10,94
CCL2,93
IFNG,93
IL1B,93
IL6,93
MMP9,93
STAT1,93
TGFB1,93
TNF,91
IL10,89
IL12B,89
IDO1,88
NOS2,87
NFKB1,85
TLR2,81
CRP,79
TLR4,79
STAT3,78
RELA,77
SAA1,76
CCL5,74
MMP2,73
MYD88,73
IRF1,72
ICAM1,71
VCAM1,70
APOE,63
MAPK14,62
FGB,60
SELE,58
CCR5,57
FGA,57
PTGS2,56
CXCR4,55
CD14,54
ARG1,49
VEGFA,49
PROC,48
CXCL9,47
FGG,47
TRAF6,46
FGF2,45
S100A8,44
S100A9,44
MAPK1,42
MAPK8,42
VWF,41
PDGFB,40
HIF1A,39
CTLA4,38
SLC2A1,38
THBD,38
PDCD1,37
TF,37
ANGPT2,36
HK2,36
LAG3,35
LDHA,35
PLAT,35
MTOR,34
SELL,33
CD86,31
IL17A,31
LYZ,31
TIMP2,31
CD4,30
CD80,30
MPO,30
PLAU,30
CD8A,29
HAVCR2,29
PKM,29
MMP1,28
TNFRSF1A,28
EGFR,27
FOS,27
IL22,27
JUN,27
SERPINE1,27
AKT1,26
IRF8,26
BDNF,25
NR3C1,25
PRF1,25
CD40,24
ESM1,24
FN1,24
HP,24
IL4,24
NR3C2,24
SOD2,24
TNFRSF1B,24
CCR7,23
COL1A1,23
CX3CR1,23
IL23A,23
PIK3CA,23
CAT,22
CD68,22
F5,22
MRC1,22
ALB,21
CASP1,21
ESR1,21
GZMB,21
NGF,21
PPARG,21
SELPLG,21
ACE,20
CD163,20
GFAP,20
HLA-DRB1,20
IL13,20
IL18,20
IL1R1,20
AGT,19
F10,19
F3,19
GATA3,19
IL5,19
IL6R,19
ITGAM,19
PTX3,19
TBX21,19
IL2RA,18
ITGB2,18
LBP,18
NLRP3,18
ORM1,18
PGR,18
CD36,17
CXCL8,17
GCLC,17
PCK1,17
RXRA,17
CASP3,16
HLA-DRA,16
LTF,16
NOS3,16
PTEN,16
S100B,16
ALOX5,15
ELANE,15
FASN,15
GPX1,15
IFNGR1,15
PYCARD,15
RORC,15
SREBF1,15
VDR,15
AIM2,14
F13A1,14
FBP1,14
GCLM,14
IL33,14
SOCS3,14
CCL19,13
FLT1,13
FOXO3,13
GSR,13
HMOX1,13
IL1A,13
IRF5,13
MMP8,13
SELP,13
SERPINA1,13
SLC11A1,13
TFPI,13
CCL21,12
CX3CL1,12
ENG,12
IRF3,12
KDR,12
LTB4R,12
LY96,12
NQO1,12
VIM,12
BCL2,11
CASP8,11
CASP9,11
CTSD,11
CTSS,11
CXCL11,11
DEFB1,11
ENO1,11
IL23R,11
IRF7,11
IRGM,11
JAK2,11
PECAM1,11
PRTN3,11
SLC2A4,11
TBXAS1,11
ACACA,10
ACO2,10
ACTA2,10
BAX,10
COL3A1,10
CXCR5,10
EPO,10
FAS,10
IL12RB1,10
IL21,10
ITGB1,10
JAK1,10
LDLR,10
MMP13,10
MMP7,10
PPARGC1A,10
TEK,10
TGFBR1,10
APOC3,9
CD28,9
CEACAM1,9
CTSB,9
DEFA1,9
GDNF,9
HLA-DQB1,9
ICOS,9
INS,9
IRAK4,9
OGDH,9
PCK2,9
PFKFB3,9
RELB,9
ATG5,8
BTLA,8
CCL3,8
CFH,8
CXCR2,8
EPOR,8
FASLG,8
FH,8
GZMA,8
HMGCR,8
IDH1,8
IDH2,8
IGF1,8
IGF1R,8
IL2,8
IL9,8
LTB,8
MAPK3,8
MAPK9,8
MDH2,8
MDM2,8
NFKB2,8
NTF3,8
ORM2,8
PIK3R1,8
PTGER2,8
RPS6KB1,8
SDHA,8
TPI1,8
TYK2,8
ATG7,7
CAMP,7
CCL17,7
CCR2,7
CD38,7
COL1A2,7
CPT1A,7
CS,7
CTSG,7
CTSL,7
F11,7
F12,7
HLA-DQA1,7
IFNGR2,7
IL4R,7
INSR,7
MMP12,7
MSR1,7
NCF1,7
NTF4,7
PDHB,7
SAA2,7
TGFBR2,7
ALOX15,6
APP,6
BCL2L1,6
C3,6
C5,6
CCL22,6
CCL4,6
CCR4,6
CDKN1A,6
CXCL13,6
EIF2AK4,6
ERBB2,6
FTH1,6
FTL,6
HAMP,6
HLA-DPB1,6
IL10RA,6
IL17F,6
IL1R2,6
IL1RN,6
INHBA,6
IRS1,6
ITGA5,6
ITGAL,6
ITGAX,6
ITGB3,6
LEP,6
LTA,6
PLG,6
SDHB,6
SDHC,6
SDHD,6
SERPINC1,6
SIRT1,6
STAT6,6
THBS1,6
TNFRSF10B,6
ADIPOQ,5
APOA1,5
ARG2,5
AZU1,5
BAD,5
BAK1,5
CASP10,5
CD19,5
CFB,5
CHI3L1,5
CXCR1,5
EDN1,5
ESR2,5
F2,5
F7,5
FCGR1A,5
FGFR1,5
FGR,5
GSK3B,5
GSTM1,5
GSTP1,5
HLA-DPA1,5
IKBKB,5
IL12RB2,5
IL15,5
IL2RB,5
IL6ST,5
INHBB,5
LTB4R2,5
LTBR,5
NOD2,5
PC,5
PPARA,5
PPARD,5
PRDX1,5
PROS1,5
PTGES,5
RIPK1,5
RIPK2,5
SOCS1,5
SOD1,5
SQSTM1,5
STAT4,5
STING1,5
TXN,5
TXNRD1,5
ABCA1,4
ABCB4,4
ABCB5,4
ACACB,4
ACSM3,4
AGTR1,4
AK2,4
AKT2,4
ALS2,4
ANKIB1,4
AOC1,4
APCS,4
APOB,4
ARF5,4
ARHGAP33,4
ATF4,4
C1orf112,4
CALCR,4
CAMKK1,4
CCR3,4
CDC27,4
CDH5,4
CFI,4
CFLAR,4
CFTR,4
CHUK,4
CIAPIN1,4
COPZ2,4
CREBBP,4
CROT,4
CXCR6,4
CYBA,4
CYP26B1,4
CYP51A1,4
DBNDD1,4
DDIT3,4
DHX33,4
DPM1,4
DVL2,4
EIF4EBP1,4
ENPP4,4
FAM214B,4
FBXL3,4
FCGR2B,4
FCGR3A,4
FKBP4,4
FOXO1,4
FUCA2,4
GAPDH,4
GCFC2,4
GSTA1,4
HECW1,4
HMGB1,4
HOXA11,4
HRG,4
HS3ST1,4
HSD11B1,4
HSPB6,4
IBTK,4
ICA1,4
ICOSLG,4
IDO2,4
IGF2,4
IL12A,4
KDM1A,4
KMT2E,4
KRIT1,4
LAP3,4
LASP1,4
LCN2,4
LIG3,4
M6PR,4
MAD1L1,4
MAPK10,4
MAPT,4
MCUB,4
MEOX1,4
MGST1,4
MMP14,4
MMP3,4
MTMR7,4
MUC5B,4
MYC,4
MYCBP2,4
MYH16,4
NDUFAB1,4
NDUFAF7,4
NFYA,4
NIPAL3,4
PDGFRB,4
PDK2,4
PDK4,4
PFKM,4
PLXND1,4
POLDIP2,4
POLR2J,4
PON1,4
PRDX2,4
PRDX6,4
PRKAR2B,4
PRSS22,4
PTGDR,4
PTPN22,4
RAD52,4
RBM5,4
RBM6,4
RECQL,4
REN,4
REXO5,4
RHBDD2,4
RPAP3,4
RPTOR,4
SARM1,4
SCYL3,4
SEMA3F,4
SKAP2,4
SLC22A16,4
SLC25A13,4
SLC4A1,4
SLC7A2,4
SNX11,4
SOX8,4
SPPL2B,4
SREBF2,4
ST7,4
STPG1,4
THSD7A,4
TMEM176A,4
TRAF2,4
TSPOAP1,4
UPF1,4
VPS50,4
WDR54,4
WNT16,4
ZMYND10,4
ZNF195,4
ABCG1,3
ACLY,3
ADRB1,3
ADRB2,3
ALDOA,3
APOA2,3
BACE1,3
C1QA,3
CCR6,3
CEACAM8,3
CEBPB,3
CPT1B,3
CSF1R,3
CSF2,3
CSF3,3
CXCL1,3
CXCL12,3
CYCS,3
CYP11B2,3
DEFA4,3
EGF,3
EIF2S1,3
ERBB3,3
FCGR2A,3
GBP1,3
GC,3
GLS,3
GOT1,3
GOT2,3
GSTO1,3
HGF,3
HSD11B2,3
HSPA1A,3
HSPB1,3
IL15RA,3
IL7R,3
IRS2,3
ITGA2B,3
LPL,3
MADCAM1,3
MBL2,3
MCL1,3
MMP15,3
MMP16,3
NCF2,3
PF4,3
PGAM1,3
PLA2G2A,3
PPARGC1B,3
PRDX3,3
PRDX5,3
PSEN1,3
PSEN2,3
RARA,3
RB1,3
REL,3
S100A12,3
SERPINA3,3
SLAMF1,3
SMAD3,3
STAT5A,3
STAT5B,3
TFRC,3
TGFB2,3
TGFB3,3
TIGIT,3
TLR1,3
TLR9,3
TP53,3
ULK1,3
XCR1,3
ABHD1,2
ACAT1,2
ACAT2,2
ACVR1,2
ACVR2A,2
ACVR2B,2
ADAM17,2
ADAMTS1,2
ADAMTS4,2
ADH1A,2
AGER,2
ALDH1A1,2
ANGPT1,2
AP1G1,2
APOL1,2
APOL3,2
AURKA,2
B2M,2
BDKRB2,2
BECN1,2
BLVRB,2
BMPR1A,2
BMPR1B,2
BMPR2,2
C1QC,2
C5AR1,2
CASP4,2
CCL11,2
CCL18,2
CCL20,2
CCL24,2
CCL27,2
CCND1,2
CCNE1,2
CCR1,2
CCR10,2
CCR9,2
CD27,2
CD3D,2
CD3E,2
CD3G,2
CDK2,2
CDK4,2
CETP,2
CP,2
CTSH,2
CTSK,2
CYP11B1,2
CYP1A2,2
CYP24A1,2
CYP2E1,2
CYP3A4,2
DEFA3,2
DEFB4A,2
DLAT,2
E2F1,2
EIF2A,2
EIF2AK3,2
ELN,2
ERBB4,2
ESAM,2
FGF1,2
FGFR2,2
FGFR3,2
FGFR4,2
FLT3,2
FLT4,2
GLUD1,2
GP1BA,2
GP9,2
GPT,2
GSS,2
HBA1,2
HBB,2
HSP90AA1,2
HTR2A,2
IGF2R,2
IGFBP3,2
IL21R,2
IL27,2
IL3,2
ITGA2,2
JAK3,2
JUND,2
KIT,2
LAMP1,2
LIF,2
LRRK2,2
MARCO,2
MGST2,2
MGST3,2
MKI67,2
MMP17,2
MMP19,2
MMP20,2
MMP21,2
MMP23B,2
MMP24,2
MMP25,2
MMP26,2
MMP27,2
MMP28,2
MUC5AC,2
MYH11,2
MYH7,2
NCF4,2
NFKBIA,2
NLRX1,2
OSM,2
PARK7,2
PCNA,2
PDGFRA,2
PINK1,2
PKLR,2
PPBP,2
PTGDS,2
PTGER4,2
PTGFR,2
PYGL,2
RARB,2
RARG,2
SAA4,2
SLC2A3,2
SLC39A11,2
SLC6A4,2
SLC7A1,2
SLC9A1,2
SMAD2,2
SMAD4,2
SNCA,2
SPP1,2
TBK1,2
TBX2,2
TICAM1,2
TIE1,2
TIMP3,2
TLR6,2
TNFAIP3,2
TNFRSF9,2
TNFSF10,2
TNNT2,2
TREM1,2
UCHL1,2
VEGFB,2
XBP1,2
XCL1,2
ABCA3,1
ABCB1,1
ABCC1,1
ABCD4,1
ABCE1,1
ABCF1,1
ABCG5,1
ABL1,1
ABL2,1
AC008154.4,1
AC008984.2,1
AC010096.1,1
AC104532.3,1
ACAA1,1
ACADL,1
ACADM,1
ACADS,1
ACHE,1
ACTB,1
ACTL7A,1
ACVR1B,1
ACVR1C,1
ADAMTS13,1
ADAMTS15,1
ADAMTS5,1
ADAMTS8,1
ADAMTS9,1
ADAMTSL1,1
ADH1B,1
ADH1C,1
ADH4,1
ADH5,1
ADH6,1
ADH7,1
ADORA2A,1
ADORA2B,1
ADRA1A,1
ADRA1B,1
ADRA1D,1
ADRA2A,1
ADRB3,1
AGRP,1
AHR,1
AKAP12,1
AKT3,1
ALCAM,1
ALDH16A1,1
ALDH18A1,1
ALDH1A2,1
ALDH1A3,1
ALDH1B1,1
ALDH1L1,1
ALDH1L2,1
ALDH2,1
ALDH3A1,1
ALDH3A2,1
ALDH3B1,1
ALDH3B2,1
ALDH4A1,1
ALDH5A1,1
ALDH6A1,1
ALDH7A1,1
ALDH8A1,1
ALDH9A1,1
ALK,1
ALOX12,1
ALX1,1
ANKRD7,1
AP1M2,1
AP1S1,1
AP2A1,1
AP2A2,1
AP2B1,1
AP2M1,1
AP2S1,1
AP3B1,1
AP3B2,1
AP3D1,1
AP3M1,1
AP3M2,1
AP3S1,1
AP3S2,1
AP4B1,1
AP4E1,1
AP4M1,1
AP4S1,1
AP5B1,1
AP5M1,1
AP5S1,1
APAF1,1
APBA1,1
APBA2,1
APC,1
APEX1,1
APOA4,1
APOC1,1
APOC2,1
APOC4,1
APOL2,1
APOL4,1
APOL6,1
ARHGEF7-AS2,1
ARL15,1
ARPC1A,1
ARPC2,1
ATF2,1
ATF6,1
ATG12,1
ATP13A5-AS1,1
ATP2A2,1
ATP5F1A,1
ATP5F1B,1
ATP6V0C,1
ATXN1,1
ATXN2,1
ATXN3,1
AURKB,1
BACE2,1
BCL2L11,1
BDH2,1
BID,1
BLID,1
BMP2K,1
BUB1,1
BUB1B,1
C10orf55,1
C11orf91,1
C1orf52,1
C1QB,1
C22orf31,1
C5AR2,1
C6,1
C8B,1
C8G,1
C9orf72,1
CACNA1C,1
CACNB2,1
CAPSL,1
CCL25,1
CCL28,1
CCNDBP1,1
CD274,1
CD44,1
CD70,1
CD83,1
CD8B,1
CDK6,1
CDKN1B,1
CEACAM16,1
CEACAM18,1
CEACAM20,1
CEACAM21,1
CEACAM3,1
CEACAM4,1
CEACAM5,1
CEACAM6,1
CEACAM7,1
CEBPA,1
CFD,1
CHAT,1
CHI3L2,1
CHRNA7,1
CLDN7,1
CLU,1
CNN1,1
CNTF,1
COL4A1,1
COLEC11,1
CPSF6,1
CPT2,1
CREB1,1
CSF2RB,1
CSF3R,1
CTD-2054N24.2,1
CTD-2308N23.4,1
CTD-2545G14.4,1
CTNNB1,1
CTSC,1
CTSF,1
CTSV,1
CTSW,1
CTSZ,1
CTTN,1
CXCL14,1
CXCL2,1
CXCL3,1
CXCL5,1
CYC1,1
CYP19A1,1
CYP1A1,1
CYP1B1,1
CYP21A2,1
CYP27B1,1
CYP2A6,1
CYP2C19,1
CYP2C9,1
CYP2D6,1
CYP2F1,1
CYP3A5,1
CYP3A7,1
CYSLTR2,1
DAAM2,1
DCN,1
DEFA5,1
DEFA6,1
DEFB103A,1
DEFB103B,1
DEFB104A,1
DEFB104B,1
DEFB105A,1
DEFB105B,1
DEFB110,1
DEFB112,1
DEFB113,1
DEFB114,1
DEFB115,1
DEFB116,1
DEFB117,1
DEFB118,1
DEFB119,1
DEPTOR,1
DLL4,1
DNAJB1,1
DNAJC25,1
DRD2,1
DTX1,1
EDNRA,1
EDNRB,1
EGLN3,1
EGR1,1
EIF4E,1
EIF4G1,1
ENDOG,1
ENPP1,1
ENSG10010135223.1,1
ENSG10010140082.1,1
ENTPD1,1
EOMES,1
EREG,1
ERFL,1
ERVK-28,1
F13B,1
FABP1,1
FABP2,1
FABP3,1
FABP4,1
FADD,1
FAM13B,1
FAM193A,1
FAM43B,1
FBN1,1
FBP2,1
FCN1,1
FCN2,1
FCN3,1
FCRL4,1
FIGNL2,1
FLT3LG,1
FOSB,1
FOXD4L1,1
FRMD1,1
FUS,1
FZD4,1
GADD45A,1
GAPDHP54,1
GASK1B,1
GBP2,1
GBP5,1
GBP6,1
GCNAP1,1
GHR,1
GIMAP2,1
GIT1,1
GLUL,1
GNA11,1
GNAQ,1
GNB3,1
GOLGA6L6,1
GP5,1
GPX2,1
GRIA1,1
GRIN2B,1
GRN,1
GSDMD,1
GSTA2,1
GSTA3,1
GSTA4,1
GSTA5,1
GSTK1,1
GSTM2,1
GSTM3,1
GSTM4,1
GSTO2,1
GSTT2,1
GSTZ1,1
GTF2IP12,1
GYS1,1
HACD3,1
HBA2,1
HCK,1
HLA-E,1
HMGN2P27,1
HMGN2P28,1
HNRNPCP8,1
HRK,1
HS6ST1,1
HSPA1B,1
HTR1A,1
HTR1B,1
HTR1D,1
HTR3A,1
HTT,1
IFI16,1
IFNAR1,1
IFNB1,1
IGFBP1,1
IGFBP2,1
IGFBP5,1
IGHV3-16,1
IGHVII-60-1,1
IL10RB,1
IL10RB-DT,1
IL17RA,1
IL17RD,1
IL18R1,1
IL27RA,1
IL31,1
IL34,1
IL36A,1
IL36B,1
IL36G,1
IL37,1
IL5RA,1
IL7,1
INHBC,1
INSRR,1
ISG15,1
ITGA1,1
IVNS1ABP,1
JAG1,1
JPT2,1
JUNB,1
KCNG1,1
KCNH2,1
KITLG,1
KLHDC8B,1
KLHL2,1
KNG1,1
KRAS,1
LAMA5,1
LCAT,1
LCK,1
LEPR,1
LGALS16,1
LIMS1-AS1,1
LINC00304,1
LINC00489,1
LINC01046,1
LINC01049,1
LINC01518,1
LINC01889,1
LINC02607,1
LOXL1,1
LRP1,1
LRP5,1
LRRC14,1
LRRC24,1
LTBP4,1
LTC4S,1
LTV1,1
LUM,1
LYN,1
LZIC,1
MAD2L1,1
MAP2K1,1
MAP2K4,1
MAP3K1,1
MAP3K5,1
MAP3K7,1
MASP1,1
MASP2,1
MBNL1,1
MDM4,1
MET,1
MIR4507,1
MIR6835,1
MLST8,1
MMP10,1
MMP11,1
MUC1,1
MX1,1
MX2,1
MYB,1
MYBPC3,1
MYL9,1
NCAM1,1
NCAM2,1
NDUFB8,1
NES,1
NFKBIB,1
NFKBIE,1
NORAD,1
NOS1,1
NOTCH1,1
NOTCH2NLC,1
NPPB,1
NPTXR,1
NR1H3,1
NR1I2,1
NRG1,1
NRP1,1
NT5E,1
NTRK1,1
NTRK2,1
NTRK3,1
OAS1,1
OAS2,1
OGG1,1
OPA1-AS1,1
OR52X1P,1
OXCT1,1
OXCT2,1
P2RY12,1
PADI4,1
PARD6G,1
PARP1,1
PCBD1,1
PCSK9,1
PDCD1LG2,1
PDGFC,1
PDGFD,1
PDHX,1
PDK1,1
PDLIM5,1
PGAM2,1
PHKB,1
PHKG2,1
PIK3CB,1
PIK3CD,1
PLCB1,1
PLCB2,1
PLCB3,1
PLCB4,1
PLK1,1
PPM1J,1
PPP1CA,1
PPP1CB,1
PPP1CC,1
PPP2CA,1
PPP2R1A,1
PPP2R1B,1
PPP2R5A,1
PPP2R5B,1
PPP6R2,1
PREX1,1
PRKCA,1
PRKCB,1
PRKCD,1
PRKCE,1
PRKCG,1
PRKCZ,1
PRKN,1
PROCR,1
PSG8,1
PSMB8,1
PSMB9,1
PTGIR,1
PTGS1,1
PTPRC,1
PYGM,1
RAB11FIP5,1
RAB34,1
RAB39A,1
RAC2,1
RBP4,1
RBPJ,1
REG1A,1
RET,1
RETN,1
REV1,1
RHEB,1
RIF1,1
RN7SKP152,1
RN7SL542P,1
RNA5SP323,1
RNU7-35P,1
RORA,1
ROS1,1
RP1-90J20.2,1
RP11-153M7.3,1
RP11-163O19.1,1
RP11-196I18.3,1
RP11-248M19.2,1
RP11-276H1.2,1
RP11-296I10.5,1
RP11-325K2.1,1
RP11-328K2.1,1
RP11-347H15.3,1
RP11-349L8.1,1
RP11-370A5.1,1
RP11-386G21.2,1
RP11-434H14.1,1
RP11-46F15.2,1
RP11-521D12.1,1
RP11-621K7.1,1
RP11-638I2.2,1
RP11-640N20.9,1
RP11-646E18.4,1
RP11-793L10.2,1
RP11-812E19.12,1
RP4-705F19.1,1
RP4-749H3.3,1
RP5-1096D14.3,1
RSU1P3,1
RUNX1,1
RXRG,1
RYR2,1
RYR3,1
SCAP,1
SCARB1,1
SCN3A,1
SCN5A,1
SCN8A,1
SEC16A,1
SEC62,1
SFTPA1,1
SFTPA2,1
SFTPB,1
SFTPC,1
SFTPD,1
SH2D5,1
SIGLEC8,1
SILC1,1
SLAMF8,1
SLC10A1,1
SLC10A2,1
SLC10A4,1
SLC10A5,1
SLC10A6,1
SLC10A7,1
SLC12A1,1
SLC12A2,1
SLC16A1,1
SLC16A3,1
SLC17A5,1
SLC17A9,1
SLC18A2,1
SLC19A2,1
SLC1A1,1
SLC1A5,1
SLC1A6,1
SLC22A1,1
SLC26A9,1
SLC29A1,1
SLC2A5,1
SLC38A1,1
SLC38A2,1
SLC38A3,1
SLC38A7,1
SLC38A9,1
SLC39A1,1
SLC39A10,1
SLC39A12,1
SLC39A12-AS1,1
SLC39A13,1
SLC39A14,1
SLC39A4,1
SLC39A5,1
SLC39A6,1
SLC39A7,1
SLC39A8,1
SLC39A9,1
SLC40A1,1
SLC44A1,1
SLC45A2,1
SLC46A1,1
SLC51B,1
SLC5A1,1
SLC6A1,1
SLC6A2,1
SLC6A3,1
SLC7A11,1
SLC7A5,1
SLC7A8,1
SLC8A1,1
SLC8A2,1
SLC8A3,1
SLC9A3R1,1
SLC9A9,1
SLC9B1,1
SLC9B2,1
SLC9C1,1
SLC9C2,1
SMAD5,1
SMAD7,1
SMAD9,1
SMIM34B,1
SNAP25,1
SNCG,1
SNORD22,1
SOCS2,1
SPATA12,1
SPI1,1
SPIRE2,1
SPNS2,1
SPTBN2,1
SRD5A1,1
SRGN,1
SRIP1,1
SUMO3,1
TAGLN,1
TAP1,1
TARDBP,1
TBX1,1
TBXA2R,1
THRB,1
TICAM2,1
TLR10,1
TLR3,1
TLR5,1
TMEM119,1
TMEM154,1
TNC,1
TNFRSF10A,1
TNFRSF11B,1
TNFRSF12A,1
TNFRSF25,1
TNFRSF4,1
TNFRSF8,1
TNFSF11,1
TNFSF12,1
TNFSF13,1
TNFSF13B,1
TNFSF14,1
TNFSF15,1
TNFSF18,1
TNKS2-AS1,1
TNNI3,1
TOP2A,1
TPSAB1,1
TRAF1,1
TRAF3,1
TRAF4,1
TRAF5,1
TRAF7,1
TREM2,1
TRHR,1
TSC1,1
TSC2,1
TSG101,1
TSHR,1
TXNIP,1
TYROBP,1
UBE2E2,1
UBE2L2,1
UCKL1,1
UGP2,1
UNG,1
UQCRC1,1
VEGFC,1
VN1R91P,1
VPS25,1
VSTM5,1
WDR20,1
WNT5A,1
XCL2,1
Y_RNA,1
YJEFN3,1
ZNF34,1
