ABCB4	27
C1orf112	27
DPM1	27
SCYL3	27
ABCB5	26
CFH	26
FGR	26
TCL6	24
FUCA2	23
GCLC	23
MPO	23
ITGAL	22
LAP3	22
M6PR	22
MYCBP2	22
SLC7A2	22
ACSM3	21
AK2	21
ALS2	21
ANKIB1	21
AOC1	21
ARF5	21
ARHGAP33	21
BAD	21
CALCR	21
CAMKK1	21
CASP10	21
CD38	21
CDC27	21
CFLAR	21
CFTR	21
CIAPIN1	21
COPZ2	21
CREBBP	21
CROT	21
CYP26B1	21
CYP51A1	21
DBNDD1	21
DHX33	21
DVL2	21
ENPP4	21
FAM214B	21
FBXL3	21
FKBP4	21
GCFC2	21
HECW1	21
HOXA11	21
HS3ST1	21
HSPB6	21
IBTK	21
ICA1	21
KDM1A	21
KMT2E	21
KRIT1	21
LASP1	21
LIG3	21
MAD1L1	21
MCUB	21
MEOX1	21
MTMR7	21
MYH16	21
NDUFAB1	21
NDUFAF7	21
NFYA	21
NIPAL3	21
PDK2	21
PDK4	21
PLXND1	21
POLDIP2	21
POLR2J	21
PON1	21
PRKAR2B	21
PRSS22	21
RAD52	21
RBM5	21
RBM6	21
RECQL	21
REXO5	21
RHBDD2	21
RPAP3	21
SARM1	21
SEMA3F	21
SKAP2	21
SLC22A16	21
SLC25A13	21
SLC4A1	21
SNX11	21
SOX8	21
SPPL2B	21
ST7	21
STPG1	21
TFPI	21
THSD7A	21
TMEM176A	21
TSPOAP1	21
UPF1	21
VPS50	21
WDR54	21
WNT16	21
ZMYND10	21
ZNF195	21
FOXD4L4	18
MIR4538	18
NPM1P20	18
RP11-119F7.6	18
RP11-301G23.1	18
FAM216A	15
IFNL3P1	15
RP11-218M11.7	15
RP11-466H18.1	15
Y_RNA	15
USP29	14
VKORC1	13
VPS37B	13
COBLL1	12
DIRAS2	12
FAM174B	12
LAMC1	12
S100B	12
SPRING1	12
STAU2	12
TXNDC17	12
C9orf129	11
RP11-12D24.6	11
RPS15AP28	11
7SK	10
AC010525.4	10
AC068286.1	10
AC079163.1	10
CTB-3M24.1	10
EEF1DP6	10
FMO7P	10
FRRS1L	10
IL21	10
LINC00857	10
MIR195	10
MIR3975	10
MIR887	10
PPIAP40	10
RNA5SP481	10
RNA5SP75	10
RNU1-136P	10
RNU1-51P	10
RNU6-885P	10
RP11-111J6.4	10
RP11-157E21.3	10
RP11-244B22.10	10
RP11-310J24.3	10
RP11-359H3.1	10
RP11-367J7.4	10
RP11-57G22.3	10
RP11-767C1.2	10
RP5-858B6.4	10
SULT1C4	10
TMEM237	10
UBE2V2P1	10
USP17L14P	10
A2ML1	9
AAMP	9
AC002401.1	9
ACAD9	9
AGPAT5	9
ANAPC1P3	9
AURKA	9
BCL2L1	9
CD34	9
COX7B2	9
CWH43	9
DHRS7C	9
EFNB2	9
FAM162A	9
FAM166AP3	9
FTH1	9
IFNAR1	9
KRTAP4-4	9
LINC01975	9
NRP1	9
OR7E24	9
POP5	9
RNA5SP308	9
SPX	9
SUPT5H	9
VPS37C	9
ZNF266	9
5S_rRNA	8
A1BG	8
A1CF	8
A2M	8
A4GALT	8
AAAS	8
AACS	8
AADAC	8
AADAT	8
AAK1	8
AANAT	8
AAR2	8
AARS2	8
AASDH	8
AASDHPPT	8
AATF	8
ABAT	8
ABCA1	8
ABCA12	8
ABCA13	8
ABCA2	8
ABCA3	8
ABCA4	8
AC073094.4	8
AC098831.4	8
ADGRF1	8
AP000697.6	8
ARMC3	8
ATXN8OS	8
BMP3	8
BMS1	8
CTA-29F11.1	8
CTC-546K23.2	8
CTC-563A5.2	8
DCAF1	8
DDX49	8
DEFA6	8
FRS3	8
GLIS2-AS1	8
HDHD5-AS1	8
HERC2P10	8
HRAS	8
IFFO1	8
IGHVIII-67-4	8
IQSEC3	8
LEFTY1	8
MACO1	8
MBD3L5	8
MIR6720	8
OBSCN	8
OR2R1P	8
PRAMEF1	8
RAB11FIP5	8
RNA5SP418	8
RNU6-1311P	8
RP11-109N23.6	8
RP11-210K20.2	8
RP11-232L2.3	8
RP11-378I13.1	8
RP11-404J24.1	8
RP11-74K11.1	8
RP11-91P24.5	8
RP11-932A10.3	8
RP3-466P17.1	8
RP5-1166H10.4	8
SAR1B	8
SNORD115-15	8
ST13P19	8
THORLNC	8
TLX1NB	8
UBE2Q2P6	8
VPS25	8
ZNF556	8
ZNF865	8
5_8S_rRNA	7
A1BG-AS1	7
A2M-AS1	7
A2ML1-AS1	7
A4GNT	7
AADACL2	7
AADACL3	7
AAGAB	7
AARS1	7
AARSD1	7
AASS	7
AATK	7
ABCA10	7
ABCB10	7
AC000077.2	7
AC006445.11	7
AC006486.14	7
AC074212.5	7
AC091493.2	7
ANKRD62	7
ARSJ	7
ATAD3C	7
ATP6V0E1P1	7
CCDC191	7
CNDP1	7
CR769776.3	7
CTC-444N24.11	7
CTD-2201G3.1	7
CTD-2526A2.6	7
ENSG10010134105.1	7
FAM110B	7
FTH1P6	7
GFER	7
GS1-166A23.2	7
HCK	7
KCNG1	7
KIAA0586	7
LA16c-3G11.7	7
LARGE2	7
LINC01069	7
LINC01564	7
LINC02259	7
LINC02827	7
LRRC34P1	7
LTBP4	7
LZIC	7
MED28P5	7
MIA3	7
MIR3187	7
MIR4303	7
MIR4446	7
NKIRAS1	7
NPIPB8	7
NPM1P32	7
NSFP1	7
OR6Q1	7
OR7E136P	7
PINK1	7
PMCH	7
PTRHD1	7
RN7SKP46	7
RN7SL353P	7
RN7SL752P	7
RNA5SP177	7
RNA5SP269	7
RNA5SP357	7
RNA5SP57	7
RNU2-34P	7
RNU6-1201P	7
RNU7-61P	7
RP11-10F11.2	7
RP11-111G20.3	7
RP11-114F10.3	7
RP11-134E15.1	7
RP11-155G15.3	7
RP11-182B22.7	7
RP11-202H2.1	7
RP11-252C24.2	7
RP11-268P4.5	7
RP11-350E12.6	7
RP11-383G6.4	7
RP11-489G11.6	7
RP11-540O11.7	7
RP11-542A14.1	7
RP11-556G22.2	7
RP11-72M10.8	7
RP3-424M6.4	7
RP5-956O18.2	7
RPS13P4	7
SAP30	7
SIN3B	7
SLC26A9	7
SNHG19	7
SNORA41B	7
SPECC1P2	7
SPTSSA	7
SRP68P3	7
A2ML1-AS2	6
A2MP1	6
A3GALT2	6
AA06	6
AACSP1	6
AADACL2-AS1	6
AADACL4	6
AADACP1	6
AAMDC	6
AARD	6
AARS1P1	6
AATBC	6
AB015752.3	6
AB019438.66	6
AB019440.50	6
AB019441.29	6
ABALON	6
ABBA01000934.1	6
ABBA01045074.1	6
ABBA01045074.2	6
ABC10-43608400O15.1	6
ABC10-44372100G24.1	6
ABC11-4932300O16.1	6
ABC12-46663800M24.1	6
ABC12-46663800M24.2	6
ABC12-47964100C23.1	6
ABC13-47656900H15.1	6
ABC13-48845200J1.1	6
ABC14-1188822O7.1	6
ABC14-1188822O7.2	6
ABC7-42391500H16.4	6
ABC7-42404400C24.1	6
ABC7-42418200C9.1	6
ABC7-481722F1.1	6
ABC7-481722F1.2	6
ABC8-43014700C16.1	6
ABCA11P	6
ABCA17P	6
ABCA5	6
ABCA6	6
ABCA7	6
ABCA8	6
ABCA9	6
ABCB1	6
ABCB11	6
ABCB6	6
ABCB8	6
ABCB9	6
ABCC1	6
ABCC10	6
ABCC11	6
ABCC12	6
ABCC2	6
ALX1	6
ANKRD7	6
ARPC2	6
ATP6V0C	6
CXCL10	6
CYP2D6	6
DTX1	6
ERMP1	6
FAM43B	6
FOXD4L1	6
IL1RN	6
LTV1	6
RNA5SP259	6
RNU1-75P	6
RP11-252E2.2	6
SCN3A	6
TAS2R16	6
UBE2E2	6
UBE2L2	6
ABCD4	5
BDH2	5
CCL22	5
FAM90A23P	5
HNRNPA1P16	5
IFITM3	5
IL3	5
IRF7	5
ISG15	5
KLHDC8B	5
MYB	5
OAS3	5
PARD6G	5
PSG8	5
RN7SKP242	5
RN7SKP86	5
RP11-15A1.4	5
RP11-322E11.2	5
RP11-477N3.1	5
RP11-497H16.9	5
RP11-58A17.2	5
RP11-715F3.2	5
RP11-763B22.11	5
RP5-931K24.3	5
S100A12	5
SLC12A5-AS1	5
ABCA9-AS1	4
ABCB10P1	4
ABCB10P3	4
ABCB10P4	4
ABCC13	4
AC002383.2	4
AL049758.2	4
ANKRD9	4
ANXA3	4
ASCL5	4
C1orf141	4
CCL2	4
CD14	4
CXCL8	4
CYCSP5	4
EEF1A1	4
ENSG10010139745.1	4
G0S2	4
GPX2	4
IFI27	4
IFI44	4
IFI44L	4
IFI6	4
IFIT1	4
IL10	4
IL17RD	4
IL1B	4
ILRUN-AS1	4
IRF1	4
LINC01082	4
LINC01088	4
LINC01168	4
LINC02389	4
LINC02576	4
LINC02802	4
LRRC8A	4
LYZ	4
MAPK1IP1L	4
MTCO1P10	4
MX1	4
PDLIM5	4
PIPOX	4
PREX1	4
RIF1	4
RN7SL260P	4
RNASEH2A	4
RNU6-1199P	4
RP1-197B17.4	4
RP11-175E9.1	4
RP11-250B2.5	4
RP11-380D15.2	4
RP11-44D5.1	4
RP11-54O7.11	4
RP11-874G11.1	4
RP13-895J2.7	4
RP5-860P4.2	4
S100A8	4
SIGLEC10	4
SIGLEC8	4
SLC39A11	4
SORBS2	4
TAS2R18	4
TPSAB1	4
TRAV41	4
UBE2K	4
ZFAND4	4
ZMYM4	4
ZNF439	4
ABCG4	3
ABCG5	3
ABHD14A	3
AC005550.3	3
AC006458.3	3
AC016772.4	3
AC016903.1	3
AC079780.3	3
AC087499.4	3
AC104984.4	3
AC114814.4	3
ADAMDEC1	3
ADRA2C	3
AHCYP5	3
AIM2	3
ALOX5	3
ANKRD36	3
ARHGEF19	3
ARID2	3
ATF2	3
ATP5MC1P4	3
BACH2	3
BCL2A1	3
BPGM	3
BRD9P1	3
C17orf50	3
C1orf94	3
C21orf62	3
CCL3	3
CD163	3
CD74	3
CENPH	3
CEP170	3
CFAP221	3
CHKB	3
CLNS1A	3
COX7A2P1	3
CR1	3
CRYGGP	3
CSF3R	3
CST7	3
CTD-2168K21.3	3
CTD-2265O21.3	3
CTD-2272G21.3	3
CTD-2313J17.6	3
CTD-2335A18.2	3
CTD-2561F5.1	3
CXCL5	3
CYP2F1	3
DNAJC10	3
EFEMP1	3
EGLN3	3
EMC1-AS1	3
ENSG10010136211.1	3
ENSG10010139226.1	3
ENSG10010139651.1	3
FAM229B	3
FARSBP1	3
FCN1	3
FPR1	3
FRG1BP	3
GBP1	3
GGN	3
GPX1P2	3
GRTP1-AS1	3
H3P6	3
HAP1	3
HLA-DPB1	3
HLA-DRB6	3
HSP90AA4P	3
IFIT2	3
IFIT3	3
IFT80	3
IGBP1P1	3
IGDCC4	3
IGHV1-17	3
IL1R2	3
IL7R	3
INSRR	3
IRS3P	3
KCNJ1	3
KIR2DL4	3
KLHL2	3
LBR	3
LINC00368	3
LINC00489	3
LINC00555	3
LINC00571	3
LINC00837	3
LINC00867	3
LINC01342	3
LINC01935	3
LINC01952	3
LINC02261	3
LINC02349	3
LINC02715	3
LINC02836	3
LRRC14	3
LTF	3
LY6E	3
LYPD3	3
MIR3151	3
MIR3685	3
MIR4275	3
MIR5008	3
MIR519E	3
MIR548AK	3
MIR5585	3
MMP2-AS1	3
MMP8	3
MMP9	3
MOB4P2	3
MS4A3	3
MTND4P2	3
NDUFB10P2	3
NFKBIA	3
NFKBIZ	3
NFS1	3
NMNAT1P2	3
NR1H4	3
OAS1	3
OAS2	3
OASL	3
OR2A25	3
OR5M13P	3
OR7E111FP	3
OR7E28P	3
PIGN	3
PPP6R2P1	3
PRAMEF11	3
RN7SL468P	3
RN7SL726P	3
RNA5SP217	3
RNA5SP368	3
RNA5SP450	3
RNA5SP471	3
RNU1-74P	3
RNU2-45P	3
RNU6-1062P	3
RNU6-1085P	3
RNU6-440P	3
RNU6-710P	3
RNU6ATAC22P	3
RNU7-93P	3
RP11-112J3.16	3
RP11-1156I21.2	3
RP11-1260E13.3	3
RP11-141M1.3	3
RP11-20B24.6	3
RP11-254I22.3	3
RP11-266L9.1	3
RP11-318A15.7	3
RP11-331G2.6	3
RP11-346I3.5	3
RP11-378A12.1	3
RP11-378I6.2	3
RP11-380J14.4	3
RP11-382A20.2	3
RP11-401E14.3	3
RP11-447N10.1	3
RP11-454P7.4	3
RP11-488C13.8	3
RP11-526D8.12	3
RP11-573G6.10	3
RP11-578F21.4	3
RP11-583F2.1	3
RP11-588K22.2	3
RP11-603J24.9	3
RP11-609L23.3	3
RP11-63E16.1	3
RP11-644F5.17	3
RP11-72L22.1	3
RP11-76C10.2	3
RP11-895K13.2	3
RP13-638C3.4	3
RP3-476K8.4	3
RP5-1090P18.1	3
RP5-1173I20.1	3
RP5-947P14.1	3
RRP7A	3
RSAD2	3
S100A9	3
SERPING1	3
SIGLEC1	3
SLC31A1P1	3
SLC46A3	3
SLC5A3	3
SNORA70E	3
SNORA70G	3
SNORD126	3
SNORD14A	3
SNORD3C	3
SOCS3	3
SPNS2	3
SPRR1A	3
SPTBN2	3
STAT1	3
STPG3	3
TCEA1P3	3
TMEM154	3
TMEM72	3
TMPRSS6	3
TNFSF10	3
TNFSF13B	3
TRBJ1-1	3
TREM1	3
TRHDE-AS1	3
TRIM22	3
YBX2P2	3
ZGPAT	3
ABCC3	2
ABCC4	2
ABCC5	2
ABCC6	2
ABCC8	2
ABCC9	2
ABCD2	2
ABCD3	2
ABCE1	2
ABCF1	2
ABCF2	2
ABCF3	2
ABCG1	2
ABCG2	2
ABCG8	2
ABHD1	2
ABHD10	2
ABHD11	2
ABHD12	2
ABHD13	2
ABHD14B	2
ABHD15	2
ABHD16A	2
ABHD16B	2
ABHD17A	2
ABHD17B	2
ABHD17C	2
ABHD18	2
ABHD2	2
ABHD3	2
ABHD4	2
ABHD5	2
ABHD6	2
ABHD8	2
ABI1	2
ABI2	2
AC004485.3	2
AC006486.10	2
AC006548.19	2
AC008154.4	2
AC008278.3	2
AC008984.2	2
AC009784.3	2
AC010761.10	2
AC019055.1	2
AC068499.10	2
AC096582.9	2
AC109309.4	2
ACTL7A	2
ADAR	2
ADM	2
AGGF1P3	2
ALOX5AP	2
ANKRD20A9P	2
ANKRD66	2
AP000290.7	2
AP001347.6	2
AP002856.5	2
APOBEC3C	2
ARRDC1-AS1	2
ATP6V0D1	2
BCL11B	2
BLID	2
BRD7P2	2
BST2	2
C10orf55	2
C1orf122	2
C1orf127	2
C1orf52	2
C1QB	2
C1QL1	2
C22orf31	2
C9orf106	2
CABLES1	2
CARD11	2
CD177	2
CD300E	2
CD63	2
CEACAM1	2
CEACAM6	2
CH17-476P10.1	2
CHCHD2	2
CKS1BP2	2
CLEC2L	2
CLEC4D	2
CSRP3-AS1	2
CTA-204B4.2	2
CTB-161M19.4	2
CTB-58E17.1	2
CTC-531G16.1	2
CTD-2020K17.3	2
CTD-2140B24.4	2
CTD-2301A4.1	2
CTD-2308N23.4	2
CTD-2325P2.5	2
CTD-2526A2.5	2
CTD-2540B15.10	2
CTD-2555A7.2	2
CTD-2587M23.1	2
CTD-2620I22.3	2
CTD-2639E6.9	2
CTSC	2
CTSG	2
CXCL11	2
CXCL2	2
CXXC5-AS1	2
CYCSP38	2
CYP2A6	2
CYP2A7	2
CYP2C18	2
CYP39A1	2
DDX10P2	2
DDX60	2
DEFA4	2
DLGAP4-AS1	2
DNAH2	2
DNAJB1	2
DUSP1	2
DUSP4	2
EIF3D	2
ELANE	2
ELFN1-AS1	2
ENSG10010134178.1	2
ENSG10010135223.1	2
ENSG10010135969.1	2
ENSG10010139068.1	2
EPSTI1	2
ERFL	2
ERVK-28	2
FAM131C	2
FAM160A2	2
FAM182B	2
FAM27C	2
FAM30C	2
FAM66E	2
FAM72A	2
FAM86B3P	2
FAM8A6P	2
FAM90A10P	2
FCER1G	2
FCGR1A	2
FCRLA	2
FIGNL2	2
FOS	2
FPR2	2
FTLP3	2
GAPDH	2
GAS2L3	2
GAS5	2
GBP5	2
GGT7	2
GIMAP2	2
GLRX	2
GOLGA6L10	2
GOLGA6L6	2
GOLGA6L7	2
GOLGA6L9	2
GPR84	2
GVINP2	2
H2BC16P	2
H3P24	2
HACD3	2
HAGHL	2
HERC5	2
HIGD1AP4	2
HLA-DRB5	2
HLA-H	2
HMGN2P16	2
HMOX1	2
HOXA-AS2	2
HP	2
HS6ST1	2
HSPE1P8	2
IFITM1	2
IFNA1	2
IGHV3-16	2
IGKV2-24	2
IGLV1-40	2
IL10RA	2
IL10RB-DT	2
IL13	2
IL15	2
IL17A	2
IL1R1	2
IL6R	2
IL6ST	2
ITGAM	2
ITGAX	2
JPT2	2
KB-1299A7.2	2
KCNJ2	2
KCNK1	2
KRT3	2
LILRA5	2
LINC00032	2
LINC00210	2
LINC00861	2
LINC00957	2
LINC01001	2
LINC01046	2
LINC01049	2
LINC01111	2
LINC01176	2
LINC01324	2
LINC01381	2
LINC01484	2
LINC01518	2
LINC01591	2
LINC01889	2
LINC01906	2
LINC02144	2
LINC02572	2
LINC02600	2
LINC02761	2
LOXL1	2
MANEALP1	2
MAP3K8	2
MAPK6	2
MCEMP1	2
MIR106B	2
MIR1293	2
MIR3192	2
MIR3670-4	2
MIR376A1	2
MIR4421	2
MIR4521	2
MIR567	2
MIR5696	2
MIR663AHG	2
MIR6792	2
MIR6835	2
MIR6859-2	2
MIR8068	2
MLANA	2
MMP1	2
MMP25	2
MNDA	2
MOB4	2
MT1G	2
MTATP6P30	2
MTND1P3	2
MTND5P30	2
MTND5P9	2
MTRF1	2
MXRA8	2
MYCBPAP	2
NDUFA11	2
NDUFB11P1	2
NDUFS5	2
NLRP3	2
NME2	2
NME7	2
NOS2P4	2
NPM1P48	2
NPTXR	2
OLFM4	2
OPA1-AS1	2
OR1S2	2
OR2L1P	2
OR4A49P	2
OR4C5	2
OR4F6	2
OR52X1P	2
OR5H15	2
OR5H2	2
PAK1IP1	2
PCBD1	2
PDE11A	2
PDX1	2
PGLYRP1	2
PLAT	2
PLD3	2
PLSCR1	2
POLR2L	2
PPIC	2
PRAMEF18	2
PRAMEF6	2
PTPN21	2
PTPRCAP	2
PYROXD2	2
RAB11B-AS1	2
RAB1B	2
RAB32	2
RAB34	2
RAB7A	2
RABEPK	2
RBM8A	2
RELA	2
RELB	2
RETN	2
REV1	2
RGS2	2
RN7SKP152	2
RN7SL107P	2
RN7SL197P	2
RN7SL543P	2
RN7SL645P	2
RN7SL850P	2
RNA5SP27	2
RNA5SP323	2
RNA5SP474	2
RNA5SP76	2
RNASE3	2
RNF139	2
RNU1-21P	2
RNU4-59P	2
RNU5B-2P	2
RNU6-1215P	2
RNU6-317P	2
RNU6-33P	2
RNU6-75P	2
RNU6-992P	2
RNU6ATAC	2
RNVU1-4	2
RP1-300I2.2	2
RP1-33B19.1	2
RP11-1081K18.1	2
RP11-1082I11.2	2
RP11-1084J3.1	2
RP11-10O22.1	2
RP11-115J16.3	2
RP11-138H11.1	2
RP11-150C16.2	2
RP11-157D6.2	2
RP11-162D16.2	2
RP11-163O19.1	2
RP11-173M1.3	2
RP11-17G2.1	2
RP11-207C16.4	2
RP11-216N21.1	2
RP11-248M19.2	2
RP11-249L21.6	2
RP11-24I5.1	2
RP11-252H14.1	2
RP11-252M18.3	2
RP11-258F22.1	2
RP11-284N8.3	2
RP11-296E7.1	2
RP11-296I10.5	2
RP11-30L15.6	2
RP11-325K2.1	2
RP11-338K17.5	2
RP11-346J10.1	2
RP11-349L8.1	2
RP11-355F16.1	2
RP11-357J22.1	2
RP11-372K20.1	2
RP11-373D23.3	2
RP11-377G16.2	2
RP11-386G21.2	2
RP11-399K19.1	2
RP11-400F1.2	2
RP11-422P24.10	2
RP11-423J7.1	2
RP11-434H14.1	2
RP11-440G9.1	2
RP11-440L14.1	2
RP11-457P14.6	2
RP11-465C12.1	2
RP11-46F15.2	2
RP11-473I1.6	2
RP11-47J17.3	2
RP11-480N24.4	2
RP11-497G19.1	2
RP11-529H20.3	2
RP11-543L14.2	2
RP11-574O16.2	2
RP11-575F12.2	2
RP11-588H23.3	2
RP11-58C22.2	2
RP11-621K7.1	2
RP11-640N20.9	2
RP11-643C9.2	2
RP11-646E18.4	2
RP11-681B3.4	2
RP11-696L21.4	2
RP11-707G18.1	2
RP11-713C19.5	2
RP11-747H7.3	2
RP11-806L2.4	2
RP11-810K23.7	2
RP11-812E19.12	2
RP11-813I20.2	2
RP11-815J4.6	2
RP11-826F13.1	2
RP11-864I4.3	2
RP11-87G24.3	2
RP11-883G14.3	2
RP13-1039J1.3	2
RP3-425C14.7	2
RP4-576H24.4	2
RP4-705F19.1	2
RP4-809F4.1	2
RP5-1096D14.3	2
RP5-1097P24.1	2
RPL26P26	2
RPL28P2	2
RPL39P15	2
RPS6KA2	2
RPSAP17	2
RSU1P3	2
RYR3	2
S100A10	2
S100A11	2
S100P	2
S1PR5	2
SALL4P6	2
SAMD12	2
SAMD9	2
SAMD9L	2
SELE	2
SELL	2
SERPINA1	2
SERPINB1	2
SERTM1	2
SETBP1-DT	2
SH2D3C	2
SH3TC1	2
SLAMF7	2
SLC16A9	2
SLC17A9	2
SLC25A37	2
SLC35A4	2
SLC39A12-AS1	2
SLC6A19	2
SLC7A6	2
SNAPC4	2
SNORA44	2
SNORA74	2
SNORD113-9	2
SNORD22	2
SP100	2
SPATA12	2
SPECC1	2
SPIRE2	2
SPTBN1	2
STAT3	2
SUMO3	2
SYK	2
TAC4	2
TAP1	2
TBC1D10C	2
TEX261	2
TIGIT	2
TLR5	2
TMEM243	2
TNFAIP3	2
TNFRSF10C	2
TNFRSF1A	2
TNFRSF21	2
TNKS2-AS1	2
TPTE2P1	2
TRBV6-2	2
TRBVA	2
TRGV10	2
TRIM51HP	2
TUBB1	2
TULP1	2
U2AF1L4	2
UBE2Q2	2
UGGT1	2
UGT2B10	2
URGCP-MRPS24	2
USP10	2
VAMP1	2
VAMP3	2
VIM	2
VN1R91P	2
VPS13B	2
VPS18	2
VPS26B	2
VPS41	2
VPS8	2
VSTM5	2
XAF1	2
XXbac-BPG299F13.15	2
ZBP1	2
ZNF236	2
ZNF273	2
ZNF529	2
ZNF717	2
ZNF721	2
ZNF738	2
ZNF813	2
ZNF826P	2
ABHD12B	1
ABI3	1
ABL1	1
ABL2	1
ABLIM1	1
ABLIM2	1
ABLIM3	1
ABO	1
ABR	1
ABRA	1
ABRACL	1
AC004854.5	1
AC005256.1	1
AC005518.2	1
AC006273.4	1
AC007743.1	1
AC007952.4	1
AC007952.5	1
AC009133.23	1
AC010096.1	1
AC011625.1	1
AC016629.3	1
AC016745.3	1
AC016831.6	1
AC019185.3	1
AC027119.1	1
AC027124.3	1
AC069513.4	1
AC073043.1	1
AC073626.2	1
AC079305.11	1
AC079922.2	1
AC083843.1	1
AC103563.2	1
AC103563.9	1
AC104532.3	1
AC108463.1	1
AC114730.3	1
AC123023.1	1
AC144450.1	1
AC144530.1	1
ACAA1	1
ACAA2	1
ACOT4	1
ACSL3-AS1	1
ACSM5P1	1
ACTA1	1
ACTL6A	1
ACTL6B	1
ACTL9	1
ACTR10	1
ACTR1A	1
ACVR1B	1
ACVRL1	1
ADAM19	1
ADAMTS4	1
ADAMTS9	1
ADARB1	1
ADARB2-AS1	1
ADGRE1	1
ADGRL1-AS1	1
ADRB1	1
AF001548.5	1
AGR2	1
AHSA2P	1
AIDAP3	1
AIF1	1
AKIRIN2	1
AKR1B10P1	1
AKR1C3	1
AKR1C4	1
AKR7L	1
ALDH3B2	1
ALMS1-IT1	1
ALOX15	1
ALOX15B	1
ANAPC1P6	1
ANKRD10	1
ANKRD18B	1
ANKRD20A19P	1
ANKRD20A5P	1
ANKRD22	1
ANKRD27	1
ANKRD34A	1
ANKRD36BP1	1
ANKRD63	1
ANXA1	1
ANXA11	1
ANXA2	1
ANXA5	1
AOC3	1
AP000355.2	1
AP000563.2	1
AP000959.2	1
AP001439.2	1
AP001469.9	1
AP001476.3	1
AP002856.6	1
AP002954.4	1
AP1S1	1
AP3B1	1
APBB2	1
APLP2	1
APOF	1
AQP9	1
ARAP3	1
ARFRP1	1
ARG1	1
ARHGAP26-AS1	1
ARHGAP31-AS1	1
ARHGEF18-AS1	1
ARID1B	1
ARL15	1
ARL6IP6	1
ASNS	1
ASPH	1
ASXL3	1
ATF3	1
ATF6	1
ATP10A	1
ATP2A3	1
ATP2B1	1
ATP2B4	1
ATP5MC1P1	1
ATP5PBP7	1
ATP6V0E2	1
ATP6V1A	1
ATP6V1C1	1
ATP6V1E1	1
ATP8B2	1
B2M	1
B3GNT5	1
B4GALNT4	1
BAGE2	1
BBS10	1
BBS9	1
BCAP29	1
BCL2L2-PABPN1	1
BEND3P3	1
BHLHA15	1
BICDL1	1
BLOC1S5-TXNDC5	1
BLOC1S6	1
BMP2K	1
BMS1P15	1
BOLA1	1
BOLA2	1
BRD2	1
BRWD1P2	1
BTF3	1
BTF3P5	1
BTG2	1
BZW2	1
C10orf105	1
C10orf71	1
C11orf45	1
C11orf91	1
C12orf50	1
C12orf60	1
C12orf76	1
C14orf39	1
C16orf74	1
C16orf82	1
C16orf90	1
C17orf67	1
C19orf12	1
C19orf48	1
C1orf100	1
C1orf109	1
C1orf174	1
C1orf185	1
C1orf195	1
C1orf56	1
C1QTNF5	1
C20orf197	1
C22orf46	1
C2orf27A	1
C2orf78	1
C3	1
C3AR1	1
C3orf14	1
C4A	1
C4B	1
C4BPA	1
C4orf17	1
C4orf46	1
C4orf47	1
C4orf50	1
C5	1
C5orf15	1
C5orf64	1
C6orf136	1
C6orf15	1
C6orf89	1
C7orf33	1
C7orf50	1
C8G	1
C8orf33	1
C9orf85	1
CACNA1E	1
CAMP	1
CAPNS2	1
CAPSL	1
CAPZA2	1
CASP3	1
CASP5	1
CCDC122	1
CCDC141	1
CCDC150	1
CCDC169	1
CCDC177	1
CCDC184	1
CCDC190	1
CCDC57	1
CCDC68	1
CCDC69	1
CCDC85B	1
CCDC86	1
CCDC88B	1
CCDC92	1
CCL14	1
CCL4	1
CCL5	1
CCL7	1
CCND2	1
CCNDBP1	1
CCNE2	1
CCR1	1
CCR3	1
CCT6P1	1
CD164L2	1
CD1B	1
CD1C	1
CD209	1
CD24	1
CD244	1
CD27	1
CD320	1
CD36	1
CD37	1
CD6	1
CD7	1
CD79A	1
CD79B	1
CD83	1
CD86	1
CD8B	1
CD93	1
CDC123	1
CDC25A	1
CDC45	1
CDCA8	1
CDH19	1
CDH20	1
CDH22	1
CDH5	1
CDK2	1
CDKN2A	1
CEACAM8	1
CENPU	1
CEP192-DT	1
CEP83	1
CEP83-DT	1
CEP89	1
CFAP157	1
CFAP300	1
CFAP54	1
CFAP69	1
CFHR4	1
CFL1	1
CFLAR-AS1	1
CH507-513H4.1	1
CHAD	1
CHCHD10	1
CHCHD6	1
CHD6	1
CHMP1B	1
CHMP4C	1
CHODL	1
CHPF	1
CHRNA7	1
CHST12	1
CHST15	1
CHST6	1
CHTF8	1
CHUK	1
CIDEC	1
CLASP1	1
CLCA4	1
CLDN23	1
CLEC12A	1
CLEC2B	1
CLEC4C	1
CLEC4GP1	1
CLEC9A	1
CLIC3	1
CLNK	1
CLSTN2	1
CLYBL	1
CMTM3	1
CMTM6	1
CMTM8	1
CNOT3	1
CNP	1
CNTLN	1
COA1	1
COA3	1
COG1	1
COG2	1
COL6A1	1
COL9A1	1
COMMD4P1	1
COPS5	1
COX6B1	1
COX6B2	1
COX6C	1
CPS1	1
CRP	1
CRYZ	1
CSDC2	1
CSF3	1
CSGALNACT1	1
CSMD3	1
CSRNP1	1
CSRP2	1
CST9L	1
CSTB	1
CTAGE15	1
CTAGE6	1
CTAGE9	1
CTB-114C7.4	1
CTB-157D17.2	1
CTB-191K22.5	1
CTB-43P18.1	1
CTB-89H12.4	1
CTC-327F10.5	1
CTC-360J11.5	1
CTC-432M15.3	1
CTC-444N24.7	1
CTC-444N24.9	1
CTC-459F4.6	1
CTC-479C5.10	1
CTC-507E2.2	1
CTD-2012K14.7	1
CTD-2023N9.1	1
CTD-2031P19.4	1
CTD-2033A16.2	1
CTD-2054N24.2	1
CTD-2066L21.3	1
CTD-2158P22.1	1
CTD-2203K17.1	1
CTD-2331D11.3	1
CTD-2349P21.9	1
CTD-2369P2.8	1
CTD-2503O16.3	1
CTD-2515O10.5	1
CTD-2537O9.1	1
CTD-2545G14.4	1
CTD-2621I17.8	1
CTNND2	1
CTSA	1
CTSB	1
CXADRP2	1
CXCL1	1
CXCL14	1
CXCL3	1
CXCL9	1
CXCR1	1
CYB5R3	1
CYP21A1P	1
CYP2C9	1
CYP2R1	1
CYP4F27P	1
CYP4F29P	1
CYP4F3	1
CYP4F35P	1
CYP4Z1	1
DAAM2	1
DAGLA	1
DCAF13	1
DCP2	1
DCTN6	1
DDHD2	1
DDIAS	1
DDX58	1
DEFA3	1
DEFB122	1
DET1	1
DHFR	1
DHRS7	1
DHRS9	1
DHX58	1
DHX9	1
DLEU2	1
DLEU7	1
DLG1	1
DLGAP1-AS2	1
DLGAP2-AS1	1
DLGAP4	1
DLX4	1
DNAAF3	1
DNAI2	1
DNAJA1	1
DNAJB11	1
DNAJB6	1
DNAJC13	1
DNAJC5B	1
DNAJC7	1
DPCD	1
DPM3	1
DPYSL5	1
DRAIC	1
DTWD2	1
DUOX2	1
DUSP19	1
DUSP5P1	1
DUSP6	1
DYNLT1	1
DYRK2	1
E2F6	1
ECHDC1	1
EDN1	1
EEF1A1P14	1
EEF1B2	1
EFCAB6	1
EFS	1
EGR1	1
EIF1	1
EIF1AD	1
EIF2S3B	1
EIF3A	1
EIF3CL	1
EIF3E	1
EIF3L	1
EIF3M	1
EIF4A3	1
EIF4EP4	1
EIF4G3	1
EIF5B	1
ELAPOR2	1
ELF1	1
ELN	1
ELOVL1	1
EMC6	1
EMX2	1
ENKUR	1
ENO1P2	1
ENSG00000279336	1
ENSG10010140082.1	1
ENTPD1	1
EPB41L1	1
EPB41L4A-DT	1
EPDR1	1
EVI2B	1
EVPLL	1
EXD2	1
EXOSC1	1
F12	1
F13A1	1
F3	1
F7	1
FAM106A	1
FAM110C	1
FAM124A	1
FAM133CP	1
FAM138A	1
FAM138B	1
FAM138C	1
FAM138F	1
FAM13B	1
FAM151A	1
FAM153B	1
FAM155A	1
FAM157A	1
FAM157C	1
FAM163A	1
FAM163B	1
FAM166C	1
FAM167A	1
FAM169B	1
FAM177A1	1
FAM180A	1
FAM193A	1
FAM200B	1
FAM204BP	1
FAM205BP	1
FAM20A	1
FAM221B	1
FAM225A	1
FAM225B	1
FAM241B	1
FAM30A	1
FAM47E	1
FAM47E-STBD1	1
FAM53B	1
FAM71D	1
FAM71E1	1
FAM71E2	1
FAM71F2	1
FAM83A	1
FAM86B1	1
FAM86B2	1
FAM86FP	1
FAM87B	1
FAM89A	1
FAM90A24P	1
FAM90A27P	1
FAM99A	1
FANCA	1
FANCL	1
FBXL6	1
FBXO10	1
FBXO4	1
FBXO7	1
FCER2	1
FCGR1B	1
FCGR2B	1
FCN3	1
FCRL4	1
FCRL6	1
FEM1B	1
FGF10	1
FGF12	1
FGFR2	1
FGFR4	1
FIBCD1	1
FIGN	1
FKBP11	1
FLVCR1	1
FMO6P	1
FMO9P	1
FNDC1	1
FOSB	1
FOXD2	1
FOXD4L5	1
FOXL1	1
FOXL2NB	1
FOXN1	1
FOXP1	1
FPR3	1
FRMD5	1
FRMD6	1
FTH1P5	1
FTH1P9	1
FZD1	1
FZD3	1
FZD6	1
FZD7	1
FZD9	1
G3BP2	1
GAB2	1
GADD45A	1
GALNTL5	1
GAPT	1
GAS7	1
GATD3A	1
GBP2	1
GBP7	1
GCH1	1
GDF1	1
GGT1	1
GGT3P	1
GGTLC2	1
GGTLC3	1
GHRLOS	1
GIMAP5	1
GIMAP7	1
GINM1	1
GINS4	1
GIT1	1
GNA13P1	1
GNB2	1
GNG12-AS1	1
GNG8	1
GNL1	1
GNRH1	1
GOLGA2P10	1
GOLGA6L2	1
GOLGA6L22	1
GOLGA7	1
GOLGA8CP	1
GOLGA8IP	1
GOLGA8S	1
GP9	1
GPC1	1
GPD2	1
GPR1	1
GPR137C	1
GPR15	1
GPR176-DT	1
GPR183	1
GPR26	1
GPR27	1
GPR32	1
GPR39	1
GPR6	1
GPRIN1	1
GPX7	1
GRAMD4P2	1
GRIN2A	1
GRIN2C	1
GRM1	1
GRN	1
GSTK1	1
GTF2E2	1
GTF2H2C	1
GTF2IP14	1
GTSE1	1
GTSF1L	1
GUSBP1	1
GUSBP3	1
GYG1	1
GZMB	1
GZMH	1
H1-10	1
H1-2	1
H1-4	1
H3P2	1
H3P7	1
HERC2P3	1
HERC6	1
HIC2	1
HIGD1B	1
HINT1	1
HLA-C	1
HLA-DMB	1
HLA-DPA1	1
HLA-DPB2	1
HLA-DQA1	1
HLA-DQA2	1
HLA-DQB1	1
HLA-DQB2	1
HLA-DRA	1
HMGCLL1	1
HMGCS1	1
HMGN2	1
HMGN2P27	1
HMGN2P28	1
HMGN2P5	1
HMGN2P7	1
HNRNPA0	1
HNRNPA1L2	1
HNRNPA1P47	1
HNRNPA1P60	1
HNRNPA1P68	1
HNRNPCP8	1
HNRNPUL1	1
HOMER2P1	1
HOMER3	1
HOXB2	1
HPN	1
HRCT1	1
HS3ST3A1	1
HSD17B2	1
HSD17B3	1
HSD17B6	1
HSD3BP4	1
HSP90AA1	1
HSP90AB3P	1
HSP90AB4P	1
HSPA1A	1
HSPB1	1
HSPD1	1
HSPD1P14	1
HSPD1P2	1
HSPD1P3	1
ICAM1	1
ICAM3	1
IFI27L1	1
IFIH1	1
IFITM2	1
IFNA14	1
IFNAR2	1
IFNB1	1
IFNG	1
IFNGR1	1
IFNGR2	1
IFNL1	1
IFNLR1	1
IGF2-AS	1
IGF2BP2	1
IGHE	1
IGHV1OR15-1	1
IGHV4-31	1
IGKV1-12	1
IGKV1D-32	1
IGKV1D-39	1
IGKV1OR2-108	1
IGKV2-29	1
IGKV2D-40	1
IGKV3-20	1
IGKV3D-15	1
IGLJ3	1
IGLV1-36	1
IGLV1-44	1
IGLV1-51	1
IL11RA	1
IL15RA	1
IL17F	1
IL17RC	1
IL18RAP	1
IL2	1
IL22	1
IL22RA2	1
IL23A	1
IL27	1
IL27RA	1
IL31	1
IL31RA	1
IL4	1
IL4I1	1
IL6	1
IMMP1LP3	1
INHBA	1
INMT	1
INTS5	1
IQCF6	1
IQCH	1
IRAK1BP1	1
IRAK3	1
IRF2BP2	1
IRF3	1
IRF8	1
IRGM	1
IRX5	1
ISG20	1
ISYNA1	1
ITGB1BP1	1
ITPKB	1
JAK1	1
JAK3	1
JAKMIP2-AS1	1
JPH1	1
JUN	1
JUNB	1
JUND	1
KB-1980E6.2	1
KCNC2	1
KCNIP1	1
KCNJ5	1
KCNK13	1
KCNK3	1
KCNK5	1
KCNMB3	1
KCNQ1OT1	1
KCNQ2	1
KCNQ5	1
KDM1B	1
KDM3A	1
KDM5A	1
KIAA0319L	1
KIAA0513	1
KIAA1109	1
KIAA1217	1
KIAA2012	1
KIF1A	1
KIF21B	1
KIF2C	1
KIF9	1
KIFC3	1
KIR2DL1	1
KLF13	1
KLF2	1
KLF3	1
KLF6	1
KLHDC7B	1
KLHL14	1
KLHL3	1
KLHL30-AS1	1
KLHL32	1
KLHL36	1
KLHL5	1
KLK8	1
KLRB1	1
KLRC4	1
KLRG2	1
KRT1	1
KRT17P1	1
KRT18P38	1
KRT18P52	1
KRT18P57	1
KRT19	1
KRT31	1
KRT33B	1
KRT34	1
KRT42P	1
KRT73	1
KRT75	1
KRT8	1
KRT87P	1
KRT8P34	1
KRT8P7	1
KRTAP2-4	1
KRTAP4-11	1
KRTAP5-1	1
KRTAP5-8	1
KRTAP9-2	1
KRTAP9-8	1
LA16c-314G4.4	1
LAMA1	1
LAMA5	1
LAMB4	1
LAMP3	1
LAMP5	1
LANCL1	1
LARP4	1
LCE1E	1
LCE3D	1
LCN2	1
LCN6	1
LDHAL6A	1
LDHAL6B	1
LDHB	1
LENG9	1
LGALS2	1
LGALS3	1
LGALS9	1
LILRA6	1
LILRB2	1
LIN54	1
LINC00239	1
LINC00301	1
LINC00304	1
LINC00391	1
LINC00397	1
LINC00460	1
LINC00491	1
LINC00520	1
LINC00536	1
LINC00570	1
LINC00578	1
LINC00596	1
LINC00607	1
LINC00638	1
LINC00641	1
LINC00645	1
LINC00648	1
LINC00670	1
LINC00680	1
LINC00926	1
LINC00968	1
LINC00973	1
LINC01003	1
LINC01023	1
LINC01040	1
LINC01055	1
LINC01091	1
LINC01094	1
LINC01101	1
LINC01121	1
LINC01127	1
LINC01128	1
LINC01142	1
LINC01146	1
LINC01149	1
LINC01150	1
LINC01184	1
LINC01230	1
LINC01239	1
LINC01259	1
LINC01267	1
LINC01287	1
LINC01288	1
LINC01311	1
LINC01315	1
LINC01337	1
LINC01347	1
LINC01359	1
LINC01391	1
LINC01410	1
LINC01426	1
LINC01446	1
LINC01488	1
LINC01493	1
LINC01503	1
LINC01504	1
LINC01537	1
LINC01555	1
LINC01571	1
LINC01579	1
LINC01597	1
LINC01619	1
LINC01630	1
LINC01673	1
LINC01684	1
LINC01688	1
LINC01764	1
LINC01799	1
LINC01822	1
LINC01844	1
LINC01883	1
LINC01943	1
LINC01971	1
LINC01998	1
LINC02009	1
LINC02023	1
LINC02121	1
LINC02143	1
LINC02145	1
LINC02150	1
LINC02155	1
LINC02163	1
LINC02184	1
LINC02210	1
LINC02226	1
LINC02269	1
LINC02345	1
LINC02408	1
LINC02432	1
LINC02446	1
LINC02506	1
LINC02577	1
LINC02590	1
LINC02605	1
LINC02606	1
LINC02658	1
LINC02688	1
LINC02784	1
LINC02794	1
LINC02817	1
LINC02832	1
LINC02835	1
LINC02837	1
LINC02862	1
LL22NC03-88E1.18	1
LMF1	1
LPAR6	1
LPCAT4	1
LRFN4	1
LRRC15	1
LRRC24	1
LRRC3	1
LRRC37A6P	1
LRRC38	1
LRRK1	1
LRRTM2	1
LSM4	1
LTA	1
LUC7L2	1
LUCAT1	1
LY6G6E	1
LY86	1
LY96	1
LYN	1
LYPD1	1
LYPD6	1
LYPLA2	1
LYSMD2	1
MAFG-DT	1
MAL2	1
MAP2K3	1
MAPK14	1
MAPK3	1
MASP2	1
MBD3L3	1
MBNL1	1
MCM3	1
MCOLN2	1
MDFIC	1
MED8	1
MEF2A	1
MEF2B	1
MEGF10	1
MEGF9	1
MEI1	1
MEIS2	1
METTL21A	1
METTL22	1
METTL4	1
MEX3A	1
MGAM	1
MIR106A	1
MIR10B	1
MIR1208	1
MIR1233-1	1
MIR1287	1
MIR1321	1
MIR181B1	1
MIR199B	1
MIR2110	1
MIR22	1
MIR2681	1
MIR29A	1
MIR302F	1
MIR3150BHG	1
MIR3156-2	1
MIR3163	1
MIR3189	1
MIR365B	1
MIR3688-2	1
MIR3926-2	1
MIR4280	1
MIR4301	1
MIR4318	1
MIR4320	1
MIR4326	1
MIR4507	1
MIR4634	1
MIR4635	1
MIR4644	1
MIR4669	1
MIR4707	1
MIR4741	1
MIR4748	1
MIR4749	1
MIR4783	1
MIR5007	1
MIR518C	1
MIR548AA2	1
MIR548AR	1
MIR548AZ	1
MIR548U	1
MIR550A3	1
MIR550B2	1
MIR5708	1
MIR6068	1
MIR6085	1
MIR6511A2	1
MIR6514	1
MIR663B	1
MIR6777	1
MIR6796	1
MIR6803	1
MIR6821	1
MIR6826	1
MIR6837	1
MIR6842	1
MIR6844	1
MIR6855	1
MIR7150	1
MIR762	1
MIR8054	1
MIR8056	1
MIR8071-1	1
MIR9-1	1
MIR922	1
MIRLET7BHG	1
MLLT10	1
MLYCD	1
MMP2	1
MMP28	1
MMP3	1
MPC2	1
MRGPRX2	1
MRI1	1
MROH5	1
MS4A4A	1
MS4A6A	1
MT1M	1
MTATP6P1	1
MTCO1P12	1
MTMR11	1
MTND1P23	1
MTND1P28	1
MTND1P5	1
MTND2P12	1
MTND2P16	1
MTND2P30	1
MTND5P18	1
MTND5P28	1
MTND6P3	1
MTREX	1
MTRNR2L2	1
MTRNR2L7	1
MTX2	1
MUC5B	1
MUC6	1
MUSK	1
MX2	1
MXRA7	1
MYADM	1
MYADML	1
MYH2	1
MYL6B	1
MYO15A	1
MYO16-AS1	1
MYO19	1
MYOSLID	1
MYOZ1	1
MZB1	1
MZT2A	1
N4BP2L1	1
NAA16	1
NAA38	1
NACA	1
NACA3P	1
NAMPT	1
NAP1L1	1
NAXD	1
NBEA	1
NBEAL2	1
NCF1	1
NDUFA10	1
NDUFA2	1
NDUFAF1	1
NDUFAF6	1
NDUFB1	1
NDUFB1P2	1
NDUFB2	1
NDUFB6	1
NDUFS3	1
NDUFS4	1
NDUFS5P1	1
NDUFV3	1
NECAB3	1
NEURL1	1
NEURL3	1
NEUROD2	1
NF1P10	1
NFATC2IP	1
NFE2	1
NFE2L3	1
NFKB1	1
NFKB2	1
NFX1	1
NGF	1
NHP2	1
NIFK	1
NIPAL2	1
NLRC5	1
NLRP1	1
NMBR	1
NMI	1
NOC2LP2	1
NOL10	1
NOL7	1
NOS3	1
NOTCH2NLC	1
NPAS2	1
NPIPB13	1
NPM1P18	1
NPR3	1
NPY2R	1
NR2F6	1
NRAS	1
NRBF2	1
NRBP1	1
NRG1	1
NRSN1	1
NT5C3AP2	1
NT5DC1	1
NUDT5	1
NUF2	1
NUP205	1
NUTF2	1
NUTM1	1
NUTM2B	1
NXPE4	1
NYAP2	1
OLAH	1
OLR1	1
OR10H4	1
OR10H5	1
OR10J5	1
OR10Z1	1
OR11H12	1
OR11M1P	1
OR13C5	1
OR13C8	1
OR13J1	1
OR2A2	1
OR2AG1	1
OR2B8P	1
OR2L13	1
OR2L5	1
OR2L8	1
OR2T1	1
OR2T10	1
OR2W1	1
OR4A11P	1
OR4A47	1
OR4A5	1
OR4F21	1
OR4N2	1
OR52L1	1
OR52N1	1
OR52N4	1
OR56A1	1
OR5H14	1
OR5T2	1
OR6C70	1
OR6J1	1
OR6K3	1
OR6N1	1
OR7E10P	1
OR7E37P	1
OR7E96P	1
OR8G5	1
OR8H1	1
OR8H2	1
OSBPL1A	1
OSM	1
OTOP3	1
OTOR	1
P4HA3	1
PABPC1P10	1
PABPC3	1
PACSIN1	1
PADI2	1
PADI4	1
PADI6	1
PANK1	1
PAPPA-AS1	1
PARP1	1
PARP9	1
PASK	1
PAX3	1
PCDH20	1
PCDHA1	1
PCDHA2	1
PCDHB8	1
PCDHGA1	1
PCDHGC5	1
PCMTD2	1
PCNA	1
PCOLCE	1
PCSK6	1
PDCD6	1
PDCL	1
PDE6D	1
PDE9A	1
PDP1	1
PDZD3	1
PECAM1	1
PHF20L1	1
PHLDA1	1
PHLDA2	1
PHLPP1	1
PHTF2	1
PICALM	1
PIEZO1P1	1
PIGM	1
PIM1	1
PIP	1
PITRM1	1
PKD1P5	1
PLA2G2F	1
PLA2G7	1
PLAG1	1
PLB1	1
PLBD1	1
PLBD2	1
PLEK	1
PLEKHA5	1
PLEKHH2	1
PLEKHO2	1
PMIS2	1
PML	1
PMPCA	1
PMS2	1
PNPP1	1
PNRC2	1
PODXL2	1
POLE4	1
POLR1E	1
POLR2J2	1
POLR2K	1
POLR3K	1
POM121L13P	1
POM121L9P	1
POT1	1
POTEB2	1
POTED	1
POU2F3	1
PPAN	1
PPBP	1
PPIA	1
PPIAL4A	1
PPIAL4D	1
PPIAP24	1
PPIAP5	1
PPIC-AS1	1
PPIEL	1
PPM1E	1
PPP1R15A	1
PPP1R15B	1
PPP1R16A	1
PPP1R1A	1
PPP1R26	1
PPP1R32	1
PPP1R3B	1
PPP1R3C	1
PPP1R3G	1
PPP2R3A	1
PPP4R1	1
PPP4R3A	1
PPP6R2	1
PRAMEF10	1
PRDM7	1
PRDM8	1
PRF1	1
PRKAA1	1
PRKCH	1
PRKD3	1
PRPF8	1
PRR16	1
PRR19	1
PRR20A	1
PRR20B	1
PRR20G	1
PRR23C	1
PRR4	1
PRSS1	1
PSAPL1	1
PSMB6	1
PSMB9	1
PSMC6	1
PSME2	1
PSMG1	1
PSMG3-AS1	1
PTCD2P1	1
PTGER4	1
PTGES2	1
PTGIR	1
PTMAP2	1
PTMAP4	1
PTPN20	1
PTPN22	1
PTPRC	1
PTPRN2	1
PYCARD	1
RAB14	1
RAB15	1
RAB18	1
RAB20	1
RAB27A	1
RAB30	1
RAB35	1
RAB39A	1
RAB3GAP1	1
RABAC1	1
RABEP1	1
RAC1P5	1
RANP1	1
RARRES2	1
RASA1	1
RASA4CP	1
RASSF2	1
RASSF5	1
RASSF8-AS1	1
RBM33	1
RBM45	1
RBP4	1
RCN2	1
REG1A	1
RFX8	1
RFXAP	1
RGS1	1
RGS18	1
RGS3	1
RHAG	1
RHBDF2	1
RHOC	1
RIMKLA	1
RN7SKP204	1
RN7SL199P	1
RN7SL33P	1
RN7SL377P	1
RN7SL404P	1
RN7SL542P	1
RN7SL549P	1
RN7SL731P	1
RN7SL761P	1
RN7SL763P	1
RN7SL88P	1
RNA5SP136	1
RNA5SP170	1
RNA5SP209	1
RNA5SP243	1
RNA5SP374	1
RNA5SP490	1
RNASE1	1
RNASET2	1
RNF113B	1
RNF121	1
RNF144B	1
RNF152	1
RNF167	1
RNF175	1
RNF19A	1
RNF212	1
RNF223	1
RNF7	1
RNU1-18P	1
RNU1-36P	1
RNU1-43P	1
RNU1-83P	1
RNU2-4P	1
RNU4-46P	1
RNU4-55P	1
RNU4-66P	1
RNU6-1004P	1
RNU6-1013P	1
RNU6-1016P	1
RNU6-1052P	1
RNU6-1066P	1
RNU6-1084P	1
RNU6-1099P	1
RNU6-1100P	1
RNU6-1106P	1
RNU6-1131P	1
RNU6-1135P	1
RNU6-1180P	1
RNU6-1184P	1
RNU6-1218P	1
RNU6-1231P	1
RNU6-1246P	1
RNU6-1251P	1
RNU6-1262P	1
RNU6-1270P	1
RNU6-1290P	1
RNU6-12P	1
RNU6-1300P	1
RNU6-1301P	1
RNU6-1315P	1
RNU6-15P	1
RNU6-187P	1
RNU6-190P	1
RNU6-197P	1
RNU6-198P	1
RNU6-221P	1
RNU6-239P	1
RNU6-242P	1
RNU6-260P	1
RNU6-291P	1
RNU6-32P	1
RNU6-337P	1
RNU6-364P	1
RNU6-37P	1
RNU6-398P	1
RNU6-400P	1
RNU6-475P	1
RNU6-503P	1
RNU6-519P	1
RNU6-58P	1
RNU6-5P	1
RNU6-640P	1
RNU6-650P	1
RNU6-728P	1
RNU6-759P	1
RNU6-789P	1
RNU6-831P	1
RNU6-838P	1
RNU6-853P	1
RNU6-86P	1
RNU6-897P	1
RNU6-909P	1
RNU6-927P	1
RNU6ATAC3P	1
RNU7-116P	1
RNU7-35P	1
RNU7-57P	1
RNU7-63P	1
RNU7-77P	1
RNVU1-17	1
RNVU1-18	1
RNVU1-2	1
RNVU1-3	1
RNVU1-6	1
RNY3P1	1
RNY3P11	1
RNY4P25	1
RP1-137D17.2	1
RP1-212P9.3	1
RP1-37C10.3	1
RP1-8B1.4	1
RP1-90J20.2	1
RP1-93H18.7	1
RP11-1006G14.1	1
RP11-1006G14.5	1
RP11-100L22.1	1
RP11-101E7.2	1
RP11-1055B8.2	1
RP11-106M3.2	1
RP11-1079K10.4	1
RP11-115D19.1	1
RP11-115J16.1	1
RP11-116O18.1	1
RP11-128N14.5	1
RP11-134O21.1	1
RP11-136H19.1	1
RP11-13J10.1	1
RP11-13J12.2	1
RP11-140I24.2	1
RP11-1415C14.4	1
RP11-141B14.1	1
RP11-143M1.3	1
RP11-146D12.2	1
RP11-153M7.3	1
RP11-154H23.4	1
RP11-158I3.1	1
RP11-164H16.3	1
RP11-165J3.5	1
RP11-171I2.3	1
RP11-172H24.4	1
RP11-17J14.2	1
RP11-187E13.2	1
RP11-190A12.11	1
RP11-196B3.1	1
RP11-196I18.3	1
RP11-1C8.7	1
RP11-201K10.3	1
RP11-203B7.2	1
RP11-203J24.8	1
RP11-203M5.8	1
RP11-20O24.1	1
RP11-211N11.5	1
RP11-215D10.3	1
RP11-215P8.4	1
RP11-218E20.3	1
RP11-225N10.1	1
RP11-22H5.2	1
RP11-230G5.2	1
RP11-234K24.3	1
RP11-243M5.2	1
RP11-253E3.1	1
RP11-254A17.1	1
RP11-256B12.1	1
RP11-259O2.2	1
RP11-25D10.1	1
RP11-272B17.1	1
RP11-274B21.1	1
RP11-274B21.3	1
RP11-274B21.9	1
RP11-275I4.1	1
RP11-276H1.2	1
RP11-291L22.4	1
RP11-297K8.2	1
RP11-298J23.9	1
RP11-299J5.1	1
RP11-303E16.2	1
RP11-304C12.5	1
RP11-305E17.8	1
RP11-305F14.1	1
RP11-30G8.2	1
RP11-316M1.3	1
RP11-317N8.3	1
RP11-326C3.10	1
RP11-327E2.5	1
RP11-327J17.2	1
RP11-328K2.1	1
RP11-329B9.5	1
RP11-344F13.1	1
RP11-346B9.2	1
RP11-347H15.3	1
RP11-351I21.11	1
RP11-354P17.15	1
RP11-363E7.4	1
RP11-370A5.1	1
RP11-372E1.1	1
RP11-379F4.8	1
RP11-379K17.4	1
RP11-380F14.2	1
RP11-382B18.6	1
RP11-383C5.3	1
RP11-38L15.2	1
RP11-3J11.1	1
RP11-400F19.8	1
RP11-403I13.4	1
RP11-403P17.2	1
RP11-403P17.6	1
RP11-405A12.2	1
RP11-408A13.3	1
RP11-40C6.2	1
RP11-411B10.2	1
RP11-416O18.4	1
RP11-419K12.2	1
RP11-420L9.4	1
RP11-420L9.5	1
RP11-423H2.3	1
RP11-430G17.1	1
RP11-438H24.3	1
RP11-439A17.9	1
RP11-440I14.4	1
RP11-445K13.3	1
RP11-445O3.1	1
RP11-456H18.1	1
RP11-459E5.1	1
RP11-465B22.8	1
RP11-473C19.1	1
RP11-477G18.2	1
RP11-480I12.2	1
RP11-493E12.2	1
RP11-494M8.4	1
RP11-496H1.4	1
RP11-497G19.3	1
RP11-498C9.3	1
RP11-499E18.1	1
RP11-505E24.2	1
RP11-506M13.3	1
RP11-507K12.1	1
RP11-514P8.6	1
RP11-521D12.1	1
RP11-540O11.1	1
RP11-541P9.3	1
RP11-542M13.6	1
RP11-54F2.1	1
RP11-54H7.4	1
RP11-54O7.14	1
RP11-551L14.4	1
RP11-554D14.1	1
RP11-555M1.3	1
RP11-556I14.3	1
RP11-57C19.6	1
RP11-57G10.8	1
RP11-60G10.1	1
RP11-613O14.1	1
RP11-61L19.1	1
RP11-626I20.2	1
RP11-630D6.1	1
RP11-638I2.2	1
RP11-644A7.3	1
RP11-646I6.5	1
RP11-64B16.4	1
RP11-650L12.2	1
RP11-655M14.14	1
RP11-65J21.4	1
RP11-667K14.5	1
RP11-66B24.1	1
RP11-66N24.6	1
RP11-680B3.5	1
RP11-68O1.1	1
RP11-691H4.4	1
RP11-693J15.4	1
RP11-69C17.2	1
RP11-6B19.3	1
RP11-701H24.4	1
RP11-704O17.1	1
RP11-730K11.1	1
RP11-732M18.2	1
RP11-750H9.7	1
RP11-756J15.2	1
RP11-781M16.2	1
RP11-793L10.2	1
RP11-794C22.2	1
RP11-805I24.3	1
RP11-80H8.4	1
RP11-852E15.3	1
RP11-85B7.5	1
RP11-91I8.1	1
RP11-932O9.9	1
RP11-95I16.2	1
RP11-96C23.5	1
RP13-539F13.2	1
RP3-467L1.4	1
RP4-533D7.5	1
RP4-560B9.4	1
RP4-568F9.8	1
RP4-631H13.2	1
RP4-640E24.1	1
RP4-655C5.7	1
RP4-749H3.3	1
RP4-809F18.1	1
RP5-850E9.3	1
RP5-994D16.3	1
RPA3	1
RPAIN	1
RPL10P5	1
RPL10P8	1
RPL12P5	1
RPL13P5	1
RPL27AP4	1
RPL32P11	1
RPP40	1
RPS27AP11	1
RPS28P4	1
RPS29P14	1
RPS29P9	1
RPS3AP36	1
RPS6KA5	1
RPSAP18	1
RPSAP72	1
RRP12	1
RRP1B	1
RSPH6A	1
RTCA	1
RTN4RL2	1
RTP3	1
S100A14	1
S100A4	1
S100A7A	1
SALL2	1
SAMD11	1
SAMD3	1
SATB1	1
SAYSD1	1
SCAI	1
SCAND1	1
SCARNA6	1
SCGB1D2	1
SCN1B	1
SCN4B	1
SCN8A	1
SDR39U1	1
SDS	1
SEC14L1	1
SEC16A	1
SEC61A1	1
SEC61B	1
SEC62	1
SECISBP2	1
SELENOM	1
SELP	1
SEMA6D	1
SERINC5	1
SERPINA5	1
SERPINB10	1
SERPINE1	1
SERPINH1	1
SERTAD1	1
SET	1
SH2D5	1
SH3BP5	1
SH3PXD2A-AS1	1
SHANK1	1
SHANK2	1
SHISA2	1
SHISA4	1
SIGLEC14	1
SIGLEC5	1
SIRPB1	1
SKOR1	1
SLC10A2	1
SLC10A5	1
SLC11A1	1
SLC12A5	1
SLC12A9-AS1	1
SLC1A2	1
SLC1A7	1
SLC22A4	1
SLC22A5	1
SLC25A12	1
SLC25A15	1
SLC25A18	1
SLC25A19	1
SLC25A39	1
SLC25A41	1
SLC25A5P1	1
SLC25A5P2	1
SLC26A3	1
SLC27A1	1
SLC30A10	1
SLC30A2	1
SLC35A1	1
SLC35A5	1
SLC35B1	1
SLC35C1	1
SLC35C2	1
SLC35F6	1
SLC35G6	1
SLC38A10	1
SLC38A9	1
SLC44A4	1
SLC44A5	1
SLC46A1	1
SLC5A12	1
SLC6A12	1
SLC6A4	1
SLC6A6	1
SLC7A10	1
SLC7A7	1
SLC8A3	1
SLFN12L	1
SLIT2	1
SLPI	1
SMAD1	1
SMAD7	1
SMARCB1	1
SMCHD1	1
SMIM12	1
SMIM34B	1
SMOX	1
SMPD3	1
SMPD4P1	1
SMPDL3A	1
SMTNL1	1
SMTNL2	1
SMYD2	1
SNHG16	1
SNHG5	1
SNORA24	1
SNORA70	1
SNORA70C	1
SNORD10	1
SNORD109A	1
SNORD114-2	1
SNORD115-34	1
SNORD115-36	1
SNORD116-18	1
SNORD116-3	1
SNORD116-4	1
SNORD12B	1
SNORD18	1
SNORD1A	1
SNORD3A	1
SNORD3B-2	1
SNORD45B	1
SNORD56	1
SNRPC	1
SNRPD2	1
SOCS1	1
SOD1	1
SOD2	1
SORD	1
SOWAHC	1
SOX12	1
SOX14	1
SOX2	1
SP110	1
SPA17	1
SPAG9	1
SPATA3	1
SPATA6	1
SPCS1	1
SPEN	1
SPESP1	1
SPHK1	1
SPINK4	1
SPINT2	1
SPP1	1
SPRR2E	1
SPTAN1	1
SRBD1	1
SRCAP	1
SRGN	1
SRIP1	1
SRP68P2	1
SRP9	1
SRPRA	1
SRRM1	1
SRSF12	1
SRSF2	1
SRSF6	1
SSBP3	1
SSU72P8	1
ST3GAL6	1
ST6GAL1	1
ST8SIA1	1
ST8SIA6-AS1	1
STAB1	1
STAC	1
STARD13	1
STARD5	1
STAT2	1
STAT5A	1
STAT5B	1
STAT6	1
STEAP1	1
STIM1	1
STK19B	1
STK40	1
STX10	1
STX11	1
STX2	1
STX3	1
STX6	1
STXBP5L	1
STYK1	1
SULT1A1	1
SUMO2	1
SUMO2P10	1
SUMO2P2	1
SUSD2	1
SYCE2	1
SYCP2	1
SYNGR1	1
SYNPO	1
SYNRG	1
SYPL1P1	1
SYT1	1
SYT14	1
SYTL3	1
TAF3	1
TAF5	1
TAF6L	1
TANC2	1
TANGO2	1
TAP2	1
TAPBPL	1
TARDBP	1
TAS2R14	1
TAX1BP1	1
TBC1D10A	1
TBC1D17	1
TBC1D3H	1
TBC1D3P1-DHX40P1	1
TBC1D4	1
TBPL2	1
TBRG4	1
TCIRG1	1
TCL1B	1
TENM2	1
TERT	1
TEX38	1
TEX9	1
TFIP11	1
TFPI2	1
TGM5	1
THBD	1
THBS1-IT1	1
THEMIS2	1
THNSL2	1
THOC5	1
THOP1	1
THUMPD3	1
TIMM50	1
TIMP2	1
TKT	1
TLE1	1
TLE2	1
TLK1	1
TLK2	1
TLR2	1
TLX2	1
TMA7	1
TMED10P1	1
TMEFF1	1
TMEM11	1
TMEM119	1
TMEM120A	1
TMEM132B	1
TMEM147	1
TMEM150B	1
TMEM160	1
TMEM178B	1
TMEM192	1
TMEM200B	1
TMEM217	1
TMEM232	1
TMEM265	1
TMEM41B	1
TMEM51-AS1	1
TMEM52	1
TMEM63B	1
TMEM64	1
TMEM86A	1
TMPRSS3	1
TNF	1
TNFAIP6	1
TNFRSF10B	1
TNFRSF11A	1
TNFRSF13C	1
TNFRSF18	1
TNFRSF1B	1
TNFRSF25	1
TNN	1
TOMM20	1
TOMM5	1
TOMM6	1
TOP1	1
TOP2A	1
TP53	1
TP53INP2	1
TP53TG3	1
TPBG	1
TPGS2	1
TPI1	1
TPI1P1	1
TPM3	1
TPR	1
TPRKB	1
TPST2	1
TPT1	1
TPT1P1	1
TPTEP1	1
TRAC	1
TRAF1	1
TRAF3IP1	1
TRAF3IP2	1
TRAIP	1
TRAJ27	1
TRAJ38	1
TRAV12-2	1
TRAV20	1
TRAV21	1
TRAV26-1	1
TRAV29DV5	1
TRBJ2-1	1
TRBV10-1	1
TRBV13	1
TRBV28	1
TRBV3-1	1
TRBV6-6	1
TRBV7-3	1
TRBV7-4	1
TRDN-AS1	1
TRGJP2	1
TRIB3	1
TRIM11	1
TRIM21	1
TRIM26	1
TRIM27	1
TRIM31	1
TRIM38	1
TRIM4	1
TRIM43B	1
TRIM45	1
TRIM47	1
TRIM49D1	1
TRIM56	1
TRIM58	1
TRIM6	1
TRIM62	1
TRIM65	1
TRIO	1
TRMT10A	1
TRMT61A	1
TRNAU1AP	1
TRPC1	1
TSEN15	1
TSFM	1
TSG101	1
TSN	1
TSPAN1	1
TSPAN13	1
TSPAN3	1
TSPAN9	1
TSPYL1	1
TTC14	1
TTC17	1
TTC3-AS1	1
TTC32	1
TTC33	1
TTC37	1
TTLL12	1
TTN-AS1	1
TUBA1B	1
TUBA3D	1
TUBA4A	1
TUBAL3	1
TUBB	1
TUBB8	1
TWNK	1
TXNDC5	1
TXNL4A	1
TYMS	1
TYROBP	1
U6	1
UBASH3A	1
UBB	1
UBE2J1	1
UBE2L3	1
UBE2Q2P11	1
UBE2QL1	1
UBE3B	1
UBN1	1
UBQLNL	1
UBTD1	1
UBTD2	1
UBTF	1
UBXN1	1
UBXN6	1
UBXN8	1
UCKL1	1
UCP2	1
UEVLD	1
UGCG	1
UGT1A1	1
UGT1A6	1
UGT1A9	1
UGT2A3	1
UGT2B17	1
UGT2B4	1
UGT2B7	1
UGT8	1
UHRF1	1
UIMC1	1
ULBP1	1
ULBP2	1
ULBP3	1
ULK4	1
UMOD	1
UMODL1	1
UNC5CL	1
UPK1A	1
UPK3A	1
UQCR10	1
UQCRB	1
UQCRC1	1
UQCRC2	1
UQCRQ	1
URB1	1
USE1	1
USF1	1
USF3	1
USP1	1
USP12	1
USP14	1
USP17L1	1
USP17L10	1
USP17L11	1
USP17L12	1
USP17L13	1
USP17L15	1
USP17L17	1
USP17L19	1
USP17L20	1
USP17L28	1
USP17L7	1
USP2	1
USP24	1
USP25	1
USP28	1
USP3	1
USP34	1
USP37	1
USP39	1
USP4	1
USP46	1
USP50	1
UTP15	1
UXS1	1
VAC14	1
VAMP2	1
VAMP4	1
VAPA	1
VASN	1
VAT1	1
VAV3	1
VCAM1	1
VDAC3	1
VEGFA	1
VGF	1
VILL	1
VIP	1
VIPR1	1
VIT	1
VMP1	1
VN1R13P	1
VN1R33P	1
VNN2	1
VNN3	1
VPS11	1
VPS37A	1
VPS39	1
VPS52	1
VPS53	1
VPS9D1-AS1	1
VSTM2L	1
VWA3A	1
VWF	1
WARS1	1
WARS2	1
WARS2-IT1	1
WASF1	1
WASF2	1
WASH2P	1
WASH3P	1
WASH4P	1
WASHC1	1
WDR11	1
WDR12	1
WDR36	1
WDR37	1
WDR4	1
WDR48	1
WDR53	1
WDR75	1
WDR76	1
WDR77	1
WDR92	1
WIPF3	1
WNT10A	1
WNT2	1
WNT7B	1
XKR6	1
XPO1	1
XPO5	1
YBX1	1
YIPF1	1
YWHAH	1
YWHAQ	1
YWHAZ	1
YY1	1
ZAR1	1
ZBED5	1
ZBED6CL	1
ZBED8	1
ZBTB11	1
ZBTB17	1
ZBTB2	1
ZBTB38	1
ZBTB42	1
ZBTB44	1
ZBTB46-AS1	1
ZBTB7A	1
ZC3H12A	1
ZC3H15	1
ZC3HAV1	1
ZCCHC17	1
ZCCHC7	1
ZCCHC8	1
ZDHHC11B	1
ZDHHC14	1
ZDHHC18	1
ZDHHC2	1
ZDHHC24	1
ZFP36	1
ZFP36L1	1
ZFP90	1
ZFYVE21	1
ZKSCAN5	1
ZMYM2	1
ZNF114	1
ZNF136	1
ZNF177	1
ZNF205	1
ZNF207	1
ZNF208	1
ZNF248	1
ZNF252P	1
ZNF267	1
ZNF282	1
ZNF284	1
ZNF292	1
ZNF311	1
ZNF33A	1
ZNF34	1
ZNF384	1
ZNF454	1
ZNF460	1
ZNF474-AS1	1
ZNF503	1
ZNF517	1
ZNF524	1
ZNF580	1
ZNF587	1
ZNF69	1
ZNF692	1
ZNF695	1
ZNF702P	1
ZNF705A	1
ZNF709	1
ZNF726	1
ZNF735	1
ZNF736	1
ZNF746	1
ZNF761	1
ZNF804B	1
ZNF808	1
ZNF823	1
ZNF84-DT	1
ZNF853	1
ZNF880	1
ZNF90	1
ZNF93	1
ZNHIT2	1
ZP2	1
ZSCAN18	1
ZSCAN20	1
ZSCAN29	1
