IL6	100
IFNG	99
IL1B	99
TNF	99
IL10	98
TLR4	95
SOD2	93
CD4	90
CD8A	90
GPX1	90
CTLA4	87
IL17A	86
NFKB1	86
STAT1	85
CAT	84
CCL2	84
CXCL10	81
TFAM	80
PPARGC1A	79
STAT3	78
TGFB1	77
PRF1	73
GZMB	71
KLRK1	71
COX4I1	70
HMOX1	70
PDCD1	69
ATP5F1A	68
BDNF	66
ADRB2	65
NOS3	65
NRF1	65
SDHA	65
NFE2L2	64
NLRP3	64
NR3C1	64
CX3CR1	63
IRF7	63
FKBP5	62
SOD1	62
CRH	61
IRF3	61
SLC6A4	61
MYD88	59
GSR	58
NDUFS1	56
LAG3	53
TLR9	53
CRHR1	52
TREM2	51
CD19	50
TLR3	50
PRDX1	49
SIRT1	49
GFAP	47
NOS2	47
UQCRC1	47
GPX4	45
PDK1	45
ADRA2A	44
PDK4	44
TXN	44
ADRB1	43
ATP5F1B	43
SDHB	42
CASP1	41
CCL5	41
COMT	41
HAVCR2	41
CPT1A	40
IDO1	40
TIGIT	40
HLA-DRB1	39
IL18	39
PRKAA1	39
KEAP1	38
NCR1	38
OCLN	38
JAK1	37
POMC	37
KLRD1	36
COX5A	35
IFNB1	35
GCLC	34
IL2RA	34
TJP1	34
JAK2	33
NOS1	33
NQO1	33
OAS1	33
SIRT3	33
IFNA1	32
UCP2	32
VEGFA	32
CYCS	31
MTOR	31
TLR2	31
TXNRD1	31
HIF1A	30
MX1	30
PRDX3	30
CHRM2	29
EDN1	29
TPH1	29
ACADM	28
CD274	28
CD28	28
FASLG	28
IL15	28
NOX4	28
S100B	28
CS	27
GCLM	27
HTR2A	27
NGF	27
TPH2	27
ACE	26
IL4	26
MAPK1	26
CX3CL1	25
PPARA	25
SLC25A4	25
TSPO	25
ATP5F1C	24
FCGR3A	24
CD27	23
CD40	23
IDH2	23
IL7R	23
TMEM119	23
TNFRSF1A	23
COX5B	22
CXCL8	22
IL13	22
P2RX7	22
P2RY12	22
CLDN1	21
IL12B	21
MFN2	21
TRPV1	21
AIF1	20
CCR5	20
NDUFS3	20
TBX21	20
UQCRC2	20
IL12A	19
MUC2	19
SOD3	19
ICAM1	18
IFNAR1	18
IL1R1	18
ISG15	18
PRKAA2	18
PTGS2	18
TRAF6	18
ATP5F1D	17
CD14	17
HTR1A	17
IL23A	17
KMO	17
RELA	17
ATP5F1E	16
DNM1L	16
OPA1	16
ACADVL	15
CLOCK	15
GSS	15
HSD11B1	15
IFNAR2	15
MS4A1	15
NDUFS2	15
NPY	15
VIP	15
ADRA1A	14
AKT1	14
CHRM3	14
CPT2	14
GPX3	14
GSTP1	14
HLA-A	14
HSP90AA1	14
ICOS	14
IL1A	14
LDHA	14
PINK1	14
TRPM3	14
VCAM1	14
ACO2	13
BCL2	13
BTLA	13
CD69	13
CD86	13
EOMES	13
GATA3	13
GDNF	13
IL2	13
ITGAM	13
KYNU	13
MAPK14	13
MAPK3	13
PER1	13
TOX	13
ARNTL	12
ATP5MC1	12
BAX	12
CD38	12
DDX58	12
DRD2	12
FKBP4	12
IFIT1	12
IRAK4	12
MAPK8	12
MC2R	12
ATP5MC2	11
CASP3	11
CD80	11
COX6A1	11
CRHR2	11
CRP	11
CYBA	11
DBH	11
GZMA	11
HSPA5	11
IFIH1	11
IGHG1	11
IL6R	11
NDUFB8	11
NDUFV1	11
PER2	11
PKM	11
PPARGC1B	11
SLC6A2	11
TNFRSF1B	11
ATP5MC3	10
C3	10
CD3E	10
CHRNA7	10
EIF2AK2	10
FOXO3	10
HK2	10
HSD11B2	10
HTR3A	10
IGHM	10
IL7	10
NDUFB6	10
NFKBIA	10
OGDH	10
POLG	10
TH	10
TRPA1	10
TYK2	10
UCP3	10
CASP8	9
COX7A2	9
GSTM1	9
KDR	9
NCAM1	9
OAS2	9
PPARG	9
PTPRC	9
RORC	9
SCN9A	9
TP53	9
XBP1	9
ATF4	8
AVP	8
C4A	8
CSF1R	8
CXCL9	8
DNMT1	8
HDAC1	8
HLA-B	8
HMGB1	8
HSPA1A	8
IL15RA	8
MAVS	8
MMP9	8
MTHFR	8
NDUFA2	8
OAS3	8
PRKN	8
SCN10A	8
STAT5A	8
ACHE	7
AQP4	7
ASIC3	7
C1QA	7
CD200	7
CD244	7
CD3D	7
CLDN5	7
CRY1	7
GRIA1	7
HAAO	7
IDH1	7
IFIT2	7
IFIT3	7
IGHA1	7
KLRC1	7
MFN1	7
NCR3	7
NTRK2	7
PDK2	7
PRDX2	7
PRDX5	7
QPRT	7
SDHC	7
SOCS3	7
ADAR	6
BATF	6
BDKRB2	6
CCR2	6
CD70	6
COX6B1	6
DDIT3	6
ESRRA	6
FAS	6
FIS1	6
GRIN1	6
HADHA	6
IFNGR1	6
MDH2	6
NCR2	6
NFATC1	6
NOD2	6
PARP1	6
PYCARD	6
RSAD2	6
SOCS1	6
TDO2	6
UQCRFS1	6
ZAP70	6
AGTR1	5
AHR	5
AMPD1	5
CBS	5
CD79A	5
COX6C	5
COX8A	5
DEFB1	5
DNMT3A	5
ESRRG	5
FH	5
FOXO1	5
GRIN2A	5
HK1	5
IDO2	5
IFNA2	5
IL10RA	5
IL1RN	5
IL5	5
KLRB1	5
LBP	5
LCK	5
MBP	5
NDUFS4	5
NFKB2	5
NR3C2	5
PFKM	5
PIK3CA	5
PRDM1	5
PRDX6	5
REG3A	5
SLC25A20	5
TNFSF13B	5
AADAT	4
B2M	4
BECN1	4
BNIP3	4
C1QB	4
CACNA1C	4
CCL4	4
CD160	4
CD3G	4
CD68	4
CD79B	4
CFB	4
CKM	4
CSF1	4
CXCL11	4
CYP1B1	4
DRD1	4
EIF2AK3	4
EPAS1	4
FCGR3B	4
GAPDH	4
HADHB	4
KIR2DL1	4
KIR2DL4	4
KIR3DL1	4
KLRC2	4
MPO	4
MTR	4
MTRR	4
NDUFB1	4
NOD1	4
OXTR	4
PDCD1LG2	4
POLG2	4
PTPN22	4
SDHD	4
SERPINA6	4
STAT4	4
STING1	4
SUCLG1	4
TRPV4	4
TWNK	4
UQCRH	4
VIPR1	4
ACADL	3
ACMSD	3
ACOX1	3
ADRA1B	3
ANGPT1	3
ANGPT2	3
APAF1	3
APOE	3
ATG5	3
ATP5ME	3
ATP5PB	3
ATP5PD	3
ATP5PO	3
AVPR1A	3
BHMT	3
C1QC	3
C4B	3
CALCA	3
CASP9	3
CCK	3
CCL3	3
CD247	3
CFH	3
CHAT	3
CNTF	3
COX7C	3
CRY2	3
CXCL12	3
CYP2D6	3
DEFA5	3
DLD	3
EDNRA	3
EIF2AK1	3
EIF2AK4	3
ENO1	3
GRIA2	3
GSDMD	3
GSTA1	3
HLA-DQB1	3
HSP90AB1	3
HTR4	3
ID2	3
IFI44L	3
IL10RB	3
INSR	3
ITGB2	3
LYZ	3
NCF1	3
NCF2	3
NDUFA9	3
NDUFS7	3
NDUFS8	3
NTRK1	3
PDHB	3
PRKAB1	3
RIPK1	3
S100A8	3
S100A9	3
SCN11A	3
SCN5A	3
SELP	3
SLC1A2	3
STAR	3
SUCLA2	3
TET1	3
TXN2	3
TXNRD2	3
VDAC1	3
VIPR2	3
VWF	3
ACSL1	2
ADRA1D	2
AGT	2
AHCY	2
ALDOA	2
ALOX5	2
APP	2
ASPH	2
ATF6	2
ATG7	2
ATP5MF	2
ATP5MG	2
ATP5PF	2
BDKRB1	2
BRCA1	2
CALCRL	2
CCL11	2
CD200R1	2
CD22	2
CD226	2
CD8B	2
CD96	2
CHRM1	2
CMPK2	2
CR1	2
CSF2	2
CSF3	2
CXCL13	2
CYP11A1	2
CYP21A2	2
CYP2E1	2
DUOX1	2
EPSTI1	2
ERN1	2
ESR1	2
FFAR2	2
FYN	2
GABBR1	2
GNAS	2
GRIK2	2
GRIN2B	2
GSK3B	2
GZMK	2
HDAC2	2
HLA-C	2
HLA-DQA1	2
HLA-DRA	2
HSF1	2
HSPA8	2
HSPA9	2
HSPB1	2
HTR7	2
IFI44	2
IFI6	2
IFITM1	2
IFITM2	2
IFITM3	2
IFNGR2	2
IGF1	2
IL18R1	2
IL1RAP	2
IL2RB	2
IL33	2
IRS1	2
ITGAX	2
ITK	2
JAK3	2
KLRG1	2
LAMP1	2
LAT	2
LDHB	2
MAPK10	2
MAPK9	2
MAT1A	2
MBL2	2
MLKL	2
MT1A	2
MT2A	2
MTNR1A	2
NCF4	2
NDUFA3	2
NDUFB9	2
NDUFV2	2
NFAT5	2
NPAS2	2
NPY1R	2
NPY2R	2
OPRD1	2
OPRK1	2
OPRM1	2
PDGFA	2
POLRMT	2
PRKAR2B	2
PTEN	2
PTPN2	2
PTPN6	2
PYGM	2
RAC1	2
REG3G	2
RIPK3	2
RYR1	2
RYR2	2
SELE	2
SERPINA1	2
SLC1A3	2
SLC2A1	2
SLC2A4	2
SLC5A8	2
SLC6A3	2
SQSTM1	2
STAT6	2
TAC1	2
TEK	2
TFB2M	2
TGFBR1	2
TGFBR2	2
TNFRSF9	2
TRAC	2
TYROBP	2
UQCRQ	2
USP18	2
ACAD9	1
ACADS	1
ACAT1	1
ACBD3	1
ACBD5	1
ACOT7	1
ACOT8	1
ACTN3	1
ADCY5	1
ADCY6	1
ADCYAP1	1
ADORA2A	1
AIM2	1
AKR1C3	1
AKR1D1	1
AKT2	1
ALDH1L1	1
ALDH7A1	1
AMACR	1
AMT	1
ANG	1
ANK1	1
APOB	1
APOL1	1
APOL2	1
ARG1	1
ARID1A	1
ARNT	1
ASAH1	1
ATM	1
AVPR1B	1
BACE1	1
BACH1	1
BAG1	1
BBC3	1
BCAT1	1
BCL2L1	1
BDH1	1
BMP2	1
BMPR2	1
BST2	1
C5	1
CALM1	1
CAMK2A	1
CAMK2B	1
CAMK2D	1
CAMK2G	1
CAMKK2	1
CASP5	1
CBLB	1
CCKBR	1
CCR7	1
CD2	1
CD24	1
CD276	1
CDC42	1
CDH5	1
CERS2	1
CERS4	1
CETP	1
CFD	1
CFI	1
CFLAR	1
CGAS	1
CHRNA3	1
CHRNA4	1
CHRNB2	1
CHRNB4	1
CIITA	1
CNR1	1
CNR2	1
COL1A1	1
COX7A1	1
CR2	1
CTH	1
CXCL1	1
CXCL2	1
CXCL3	1
CXCR4	1
CYP11B1	1
CYP19A1	1
CYP1A1	1
DDC	1
DEFA6	1
DGUOK	1
DHX58	1
DLAT	1
DLST	1
DNAJA1	1
DNMT3B	1
DRD4	1
DUOX2	1
DUSP4	1
DUSP6	1
EBF3	1
EBF4	1
EDNRB	1
EGR2	1
EIF2A	1
EIF2S1	1
EIF4G1	1
EPHX1	1
ERCC2	1
ESR2	1
ESRRB	1
EZH2	1
FAAH	1
FADD	1
FASN	1
FCGR2B	1
FFAR3	1
FGF19	1
FGF21	1
FLT1	1
FN1	1
FOS	1
FTH1	1
FTL	1
FXN	1
GABBR2	1
GABPA	1
GABRA1	1
GAD1	1
GAD2	1
GAL	1
GCG	1
GDF15	1
GLP1R	1
GLP2R	1
GNB3	1
GPER1	1
GPI	1
GPR15	1
GPX2	1
GRIA4	1
GRIK3	1
GRIK4	1
GZMH	1
GZMM	1
HADH	1
HCN4	1
HERC5	1
HERC6	1
HEXB	1
HLA-DPA1	1
HMGCL	1
HMGCS2	1
HRAS	1
HRH1	1
HSPA1B	1
HSPA2	1
HSPA6	1
HSPD1	1
HTR2B	1
HTR3B	1
ID3	1
IFI16	1
IFI27	1
IFNE	1
IGHD	1
IGKC	1
IGLC1	1
IKBKB	1
IKZF2	1
IL17F	1
IL17RA	1
IL1RL1	1
IL21	1
IL21R	1
IL22	1
IL23R	1
IL34	1
IL6ST	1
IRF5	1
IRF9	1
IRS2	1
ISCU	1
ITGAL	1
ITPKC	1
ITPR1	1
ITPR2	1
ITPR3	1
JUN	1
KCNH2	1
KCNQ1	1
KDM1A	1
KIR2DL3	1
KNG1	1
LDLR	1
LGR5	1
LIF	1
LTA	1
LTA4H	1
LY96	1
MAF	1
MAG	1
MAP1LC3A	1
MAP1LC3B	1
MAP2K4	1
MAP3K7	1
MAPK11	1
MAPK12	1
MAPK13	1
MAS1	1
MCL1	1
MCM5	1
MDH1	1
MGST1	1
MIEF1	1
MIEF2	1
MIF	1
MOG	1
MPV17	1
MPZ	1
MSRA	1
MTNR1B	1
MUC5AC	1
MX2	1
MYLK	1
NAT1	1
NAT2	1
NCOA1	1
NDUFA11	1
NDUFA4	1
NDUFAB1	1
NDUFB10	1
NDUFB2	1
NDUFB3	1
NDUFB4	1
NDUFB5	1
NDUFS5	1
NDUFS6	1
NDUFV3	1
NFATC2	1
NLRC4	1
NOTCH1	1
NOX3	1
NR4A1	1
NRAS	1
NRG1	1
OASL	1
OGG1	1
OXT	1
P2RX3	1
P2RX4	1
PARK7	1
PARP9	1
PCK1	1
PCK2	1
PDE4D	1
PDGFRA	1
PDHX	1
PDXK	1
PEMT	1
PER3	1
PFKL	1
PFKP	1
PGAM5	1
PGR	1
PIK3CB	1
PIK3CD	1
PIK3CG	1
PLK1	1
PLK2	1
PLK3	1
PLK4	1
PMAIP1	1
PMP22	1
PNPLA2	1
PNPO	1
PON1	1
PPARD	1
PPRC1	1
PRKAB2	1
PRKACA	1
PRKACB	1
PRKAG1	1
PRKAR1A	1
PRKAR1B	1
PRKAR2A	1
PRKDC	1
PRKRA	1
PTGES3	1
PTGS1	1
PYGL	1
REL	1
RELB	1
REN	1
RHOA	1
RNASEL	1
RNF11	1
RUNX3	1
S100A12	1
SDHAF2	1
SEPTIN4	1
SERPINE1	1
SERPING1	1
SGMS2	1
SLA2	1
SLC25A1	1
SLC25A3	1
SMAD2	1
SMAD3	1
SMAD4	1
SMPD1	1
SMPD4	1
SPN	1
SPP1	1
SPTLC1	1
SREBF1	1
STAT5B	1
SYK	1
TACR1	1
TAP1	1
TAPBP	1
TBK1	1
TERT	1
TET2	1
TGFB3	1
TGM6	1
TJP2	1
TJP3	1
TNFRSF10A	1
TNFRSF13B	1
TNFSF10	1
TOLLIP	1
TOX2	1
TRADD	1
TRAF3	1
TRBC1	1
TRIM21	1
TRIM22	1
TRPM7	1
UCN	1
UCN2	1
UCN3	1
UCP1	1
USP33	1
VAV1	1
VDR	1
XDH	1
XRCC5	1
