IL6	46
IFNG	45
TNF	45
IL1B	43
CXCL10	37
IL10	35
CD8A	34
ATP5F1A	33
STAT1	33
GZMB	32
GPX1	31
SOD2	31
CAT	29
NDUFS1	29
STAT3	29
NR3C1	28
TLR4	28
CD4	27
IL17A	27
NOS3	27
CXCL9	26
EDN1	26
PRF1	26
CCL2	25
CRH	25
TGFB1	25
AVP	24
SDHB	24
UQCRC1	24
VEGFA	24
AIF1	23
LAG3	22
TNFRSF1A	22
FKBP5	21
PDCD1	21
POMC	21
COX4I1	20
CTLA4	20
CX3CR1	20
IL21	20
GCLC	19
JAK1	19
NOX4	18
IL18	16
IL2	16
JAK2	16
SOCS3	16
CD14	15
IL22	15
IL4	15
RELA	15
TFAM	15
ADRB2	14
CCL5	14
CD38	14
HAVCR2	14
IL12B	14
ATP6V0C	13
FLT1	13
IL12A	13
NFE2L2	13
NFKB1	13
NKG7	13
PRDX1	13
TLR2	13
CD19	12
ENSG10010134105.1	12
GFAP	12
IL23A	12
IRF7	12
TNFRSF1B	12
TXN	12
AURKA	11
C1orf112	11
CFH	11
COILP1	11
COX5A	11
DPM1	11
ENPP4	11
FAM43B	11
FGR	11
FUCA2	11
GSR	11
HLA-DRB1	11
KLRD1	11
NFYA	11
NIPAL3	11
RORC	11
SCYL3	11
SOCS1	11
ATP5F1B	10
ATP5MC1	10
BAX	10
CD3E	10
CREB1	10
CTD-2509G16.1	10
FBXO28	10
LTBP4	10
PRDX3	10
RP11-303E16.7	10
STPG1	10
TIGIT	10
TSPO	10
AC009362.2	9
AC018717.1	9
ALX1	9
ANKIB1	9
ANKRD62	9
ARPC2	9
ATP5F1C	9
ATP5F1D	9
ATP5F1E	9
BCL2	9
BRD7P6	9
CCR5	9
CYCSP5	9
DDIT4	9
ENSG10010139745.1	9
FAM90A23P	9
GATA3	9
HIF1A	9
HLA-DRA	9
HMOX1	9
HNRNPA1P16	9
IL13	9
MAPK14	9
MC2R	9
METTL4	9
MIR526B	9
MTCO2P12	9
MTREX	9
RP11-16C18.3	9
RP11-5C23.1	9
RP11-883G14.3	9
RP4-796B4.3	9
RP5-879K22.2	9
SDHA	9
SEMA3F	9
SLC6A4	9
SS18L2	9
STAT5A	9
TBX21	9
UQCRC2	9
ABCD4	8
AC016772.4	8
AGAP1-IT1	8
AOC1	8
ARL4A	8
ASCL5	8
BAD	8
BRD9P1	8
C1orf141	8
C1QA	8
CFTR	8
CTB-57H20.1	8
CYCS	8
CYP2D6	8
CYP51A1	8
EPS15	8
ERMP1	8
HERPUD2-AS1	8
HS3ST1	8
IL17RD	8
IL1RN	8
IL32	8
JAK3	8
JUN	8
KCNG1	8
KRIT1	8
LAP3	8
LGALS1	8
LINC02442	8
LINC02684	8
LINC02717	8
LINC02802	8
LTV1	8
LZIC	8
MIR6851	8
MUC2	8
MYD88	8
MYH16	8
NOS2	8
NR1H5P	8
PITHD1	8
PLPPR2	8
PPARGC1A	8
RAB11FIP5	8
RAD52	8
RASGRP4	8
RNF152P1	8
RNU6-246P	8
RNU6-311P	8
RNU6-571P	8
RNU6-904P	8
RNU7-12P	8
RP11-15M15.2	8
RP11-26K22.2	8
RP11-2E11.9	8
RP11-338L22.3	8
RP11-357F12.2	8
RP11-387H17.4	8
RP11-445P19.2	8
RP11-60L3.2	8
RP11-615I2.3	8
SLC25A4	8
SLC7A2	8
SOD1	8
TMEM176A	8
TRAV28	8
TREM2	8
TRMT112	8
TYK2	8
WNT16	8
XX-FYM637E10_5.1	8
ZNF747	8
AC002519.8	7
ACE	7
ADGRL2	7
AHR	7
AHRR	7
AL022341.3	7
ALS2	7
ANKRD7	7
ANO9	7
ATP5PB	7
BDH2	7
BDNF	7
CAMKK1	7
CASP10	7
CASP3	7
CASP8	7
CASP9	7
CD28	7
CD68	7
CD86	7
CDC27	7
CFLAR	7
CRYGGP	7
CTC-421K24.1	7
CTD-2335A18.2	7
CTD-2561F5.1	7
CTD-2587M23.1	7
CTD-2616J11.9	7
CXCL11	7
CYP1A1	7
CYP26B1	7
DAP	7
DBNDD1	7
DTX1	7
EEF1A1P33	7
ENPP6	7
ENSG10010139291.1	7
FOS	7
FOXD4L1	7
HECW1	7
HLA-DQB1	7
ICA1	7
IDO1	7
IGFBP1	7
IGHV3OR16-15	7
IGHV3OR16-8	7
IKBKB	7
IL15	7
IL18R1	7
IL27	7
KLRK1	7
LASP1	7
LGALS3	7
LINC00484	7
LINC01582	7
LINC01723	7
LINC02389	7
LINC02576	7
LYPLA2	7
M6PR	7
MAD1L1	7
MIR5008	7
MKRN8P	7
MYB	7
MYL12B	7
NDUFS3	7
NDUFV1	7
OR4A42P	7
PIBF1	7
PML	7
PPIAP42	7
RAP2B	7
RBM5	7
RN7SKP242	7
RN7SKP62	7
RNA5SP259	7
RP1-197B17.4	7
RP11-12A20.8	7
RP11-150O12.2	7
RP11-15A1.4	7
RP11-180P8.1	7
RP11-252E2.2	7
RP11-299J5.1	7
RP11-322E11.2	7
RP11-33M22.4	7
RP11-350N15.4	7
RP11-363D14.1	7
RP11-432M8.7	7
RP11-567M16.2	7
RP11-91P24.3	7
RP13-487K5.1	7
RP4-555L14.4	7
RP5-864K19.7	7
SCN3A	7
SIRT1	7
SNORD49B	7
SNX11	7
SOX14	7
SPTSSB	7
STAT6	7
TMEM120B	7
TMEM30A-DT	7
TOPORSLP	7
TRIM44	7
UCP2	7
VPS25	7
AC010761.10	6
AK2	6
ARF5	6
ARRDC1-AS1	6
ATP5MC3	6
ATP5PD	6
BMP2K	6
CCL4	6
CXCL8	6
ELFN1-AS1	6
FKBP4	6
HLA-B	6
HLA-DQA1	6
IGBP1P1	6
IL20	6
IL20RA	6
IL24	6
IL26	6
IL2RA	6
IRF1	6
KDM1A	6
KLHDC8B	6
MTMR7	6
NDUFAF7	6
NLRP3	6
NMNAT1P2	6
NOD2	6
NRF1	6
PARD6G	6
PLXND1	6
POLDIP2	6
PRDX5	6
REG3A	6
RN7SKP86	6
RNU1-75P	6
RP11-175E9.1	6
RP11-44D5.1	6
RP11-477N3.1	6
RP11-497H16.9	6
RP11-58A17.2	6
RP11-715F3.2	6
RP11-763B22.11	6
RP11-874G11.1	6
RP13-895J2.7	6
RP5-931K24.3	6
SARM1	6
SELE	6
SLC12A5-AS1	6
SLC22A16	6
SLC25A13	6
SLC26A9	6
TAS2R16	6
TFPI	6
TLR9	6
TNFRSF10A	6
TNFRSF12A	6
TNFRSF17	6
TNFRSF9	6
TRAF6	6
UBE2E2	6
UBE2L2	6
VPS50	6
ABCB5	5
ACADM	5
AKT1	5
AL133243.2	5
ARHGAP33	5
ATP5MF-PTCD1	5
C3	5
CALCR	5
CARMIL1	5
CASP1	5
CCDC124	5
CCR7	5
CD3D	5
CD40	5
CD6	5
CD74	5
CD80	5
CD8B	5
CTB-191K22.5	5
CTC-459F4.6	5
CTD-2054H24.1	5
CTD-2621I17.8	5
CXXC5-AS1	5
ENSG00000279336	5
FAS	5
FASLG	5
GPX3	5
GZMA	5
HLA-A	5
HLA-C	5
HSPA1A	5
HSPB6	5
ICAM1	5
IL11	5
IL17RB	5
IL25	5
IL31	5
IL33	5
IL36B	5
IL5	5
IRGM	5
KIR3DL1	5
MAPK1	5
MFN2	5
MIR6859-2	5
MTOR	5
MX1	5
NCR1	5
NDUFAB1	5
NDUFB3	5
NPY	5
OAS1	5
PDK4	5
PREX1	5
PRSS22	5
PSG8	5
RBM6	5
RECQL	5
RNU6-1199P	5
RP11-1156I21.2	5
RP11-266L9.1	5
RP11-380D15.2	5
RP11-54O7.11	5
RP11-644F5.17	5
RP5-1173I20.1	5
SLC4A1	5
ST7	5
STAT4	5
STAT5B	5
TLR5	5
TNFRSF10B	5
TNFRSF13C	5
VWF	5
ZMYND10	5
ABCG5	4
AC004854.5	4
AC079776.6	4
AC124789.1	4
ACSM3	4
ADGRL1-AS1	4
ADM	4
ADRA1A	4
AGT	4
ANGPT1	4
ANGPT2	4
ATP11A	4
ATP5MC2	4
ATP5PF	4
ATP6V0E2	4
C22orf31	4
C9orf129	4
CAPSL	4
CCDC28A	4
CCL26	4
CD274	4
CD44	4
CD9	4
CDH3	4
CDON	4
CLDN7	4
COX5B	4
COX7A2	4
CPSF6	4
CPT1A	4
CTD-2066L21.3	4
CTD-2161E19.1	4
CTD-2547G23.2	4
CTD-2587H24.1	4
DNAJC25	4
DVL2	4
EIF4EBP1	4
FCRL4	4
GSTK1	4
HSD11B1	4
IFIT1	4
IL12RB1	4
IL12RB2	4
IL16	4
IL18BP	4
IL19	4
IL34	4
IL36A	4
IL36G	4
IL37	4
IL7	4
IRAK4	4
ISG15	4
KEAP1	4
KIR2DL1	4
LINC00489	4
LINC02266	4
LINC02600	4
MANEALP1	4
MAPK1IP1L	4
MAPK3	4
MTND2P30	4
MTRNR2L7	4
NDUFS2	4
NR3C2	4
PIK3CA	4
PINK1	4
PRDX2	4
PRDX6	4
RELB	4
RNA5SP209	4
RNA5SP27	4
RNU6ATAC22P	4
RNU7-116P	4
ROS1	4
RP1-33B19.1	4
RP11-1084J3.1	4
RP11-157D6.2	4
RP11-250B2.5	4
RP11-378I6.2	4
RP11-497G19.1	4
RP11-810K23.7	4
RP13-638C3.4	4
RPS6KB1	4
RPTOR	4
SEC62	4
SIGLEC8	4
SLC39A11	4
SNORA70E	4
SPPL2B	4
TNFRSF10C	4
TNFRSF10D	4
TNFRSF11A	4
TNFRSF11B	4
TNFRSF13B	4
TNFRSF14	4
TNFRSF18	4
TNFRSF19	4
TNFRSF21	4
TNFRSF25	4
TNFRSF4	4
TNFRSF8	4
TNFSF13B	4
UCP3	4
VCAM1	4
AC004485.3	3
AC005550.3	3
AC104984.4	3
ACADVL	3
ADRB1	3
AKAP1	3
AP000648.6	3
ARHGEF25	3
ARNILA	3
ATF2	3
ATP5PO	3
ATP6V0A1	3
ATP6V0D1	3
ATP6V0D2	3
ATP6V1B2	3
ATP6V1C2	3
ATP6V1E1	3
ATP6V1E2	3
ATP6V1G1	3
ATP9A	3
AVIL	3
AVPR1A	3
BCL2L1	3
C17orf50	3
C1orf131	3
C1QB	3
C1QTNF3	3
C1QTNF4	3
CARMIL2	3
CARMIL3	3
CCDC85A	3
CCDC88C	3
CCL11	3
CCL3	3
CCR2	3
CD22	3
CD34	3
CD59	3
CD79B	3
CD82	3
CD84	3
CDH1	3
CDH10	3
CDK11A	3
CDK13	3
CDK14	3
CDK17	3
CDKL3	3
CEACAM20	3
CH17-476P10.1	3
CIAPIN1	3
COBLL1	3
COX6A1	3
COX6B1	3
COX6C	3
CRHR1	3
CTC-235G5.3	3
CTD-2020K17.3	3
CTD-2301A4.1	3
CXCL12	3
CXCL2	3
CYP2A7	3
DDIT3	3
DDX10P2	3
DEFA5	3
DHX33	3
DIRAS2	3
DLGAP4-AS1	3
DNAJB1	3
DROSHA	3
EDIL3-DT	3
EIF2AK4	3
ENSG10010135342.1	3
FAM174B	3
FILIP1L	3
FOXD4L4	3
FOXO3	3
GASK1B	3
GIMAP2	3
GNLY	3
GOLGA8CP	3
GPX1P2	3
GSTP1	3
H2BC2P	3
HOXA-AS2	3
HOXA11	3
HTR2A	3
IFIH1	3
IGHG4	3
IGKV1OR22-1	3
IL18RAP	3
IL1R1	3
IL1R2	3
IL1RAP	3
IL21R	3
IL23R	3
IL2RB	3
IL6R	3
IL9	3
INHBB	3
ITGAM	3
IVNS1ABP	3
KB-1299A7.2	3
KB-1980E6.2	3
KIR2DL3	3
KIR3DL2	3
LAMA5	3
LAMC1	3
LIG3	3
LINC00032	3
LINC00210	3
LINC01176	3
LINC01381	3
LIPT1P1	3
LRRC14	3
MAP3K5	3
MAPK8	3
MCL1	3
MCUB	3
MEOX1	3
MIR153-2	3
MIR519E	3
MIR8068	3
MPO	3
MTCO1P14	3
MTND4P2	3
NCBP1	3
NCDN	3
NDUFA5	3
NDUFA9	3
NDUFB4	3
NDUFB5	3
NDUFB8	3
NDUFS4	3
NDUFS7	3
NDUFS8	3
NFKB2	3
NFKBIA	3
NQO1	3
NTRK2	3
NUDCD3	3
P2RX7	3
P2RY12	3
PCBD1	3
PECAM1	3
PIK3CG	3
POLR2J	3
PON1	3
PPM1J	3
PRKAA1	3
PRKAB1	3
PRKAG1	3
PRKAG2	3
PRKAG3	3
PRKAR2B	3
PROS2P	3
PROSER1	3
PROSER3	3
PTCD2	3
PTGS2	3
REXO5	3
RNU2-4P	3
RNU6-1062P	3
RNU6-317P	3
RNU6-992P	3
RNU6ATAC	3
RP11-1081K18.1	3
RP11-112J3.16	3
RP11-138H11.1	3
RP11-162D16.2	3
RP11-207C16.4	3
RP11-216N21.1	3
RP11-252M18.3	3
RP11-355F16.1	3
RP11-377G16.2	3
RP11-380J14.4	3
RP11-411B10.2	3
RP11-440G9.1	3
RP11-473I1.6	3
RP11-505E24.2	3
RP11-543L14.2	3
RP11-57G10.8	3
RP11-588K22.2	3
RP11-713C19.5	3
RP11-826F13.1	3
RP13-1039J1.3	3
RPAP3	3
RPL27AP4	3
RPL39P15	3
S100B	3
SETBP1-DT	3
SKAP2	3
SLC25A24	3
SLC2A1	3
SLC2A4	3
SLC4A8	3
SLC6A2	3
SMARCD1	3
SNORD14A	3
SNORD18	3
SP1	3
SPRING1	3
STAU2	3
TCL6	3
TDO2	3
THSD7A	3
TNFAIP3	3
TPSAB1	3
TXNDC17	3
UPF1	3
UROS	3
USP29	3
VKORC1	3
WDR54	3
XAF1	3
A1BG	2
AACS	2
AARS1	2
AC011524.2	2
AC013268.4	2
AC087499.4	2
ACAD9	2
ACD	2
ADAM28	2
ADRA2A	2
AGGF1P3	2
AGPAT5	2
ALDH2	2
ANAPC1P3	2
AP002856.5	2
AP2B1	2
APIP	2
APP	2
ARF4P3	2
ARHGEF39	2
ARL2BP	2
ARL6IP4	2
ARMC3	2
ATP11B	2
ATP13A1	2
ATP13A2	2
ATP13A3	2
ATP13A5	2
ATP1A1	2
ATP2B2	2
ATP2B2-IT2	2
ATP5ME	2
ATP5MF	2
ATP5MG	2
ATP6V0B	2
ATP6V0E1	2
ATP6V1A	2
ATP6V1C1	2
ATP6V1D	2
ATP6V1E1P2	2
ATP6V1F	2
ATP6V1G2	2
BST2	2
BTBD1	2
C1GALT1P2	2
C1orf167	2
C1QTNF1	2
C1QTNF1-AS1	2
C1QTNF12	2
C1QTNF2	2
C1QTNF3-AMACR	2
C1QTNF5	2
C1QTNF6	2
C1QTNF7	2
C1QTNF7-AS1	2
C1QTNF8	2
C1QTNF9	2
C1QTNF9-AS1	2
C1QTNF9B	2
C2orf15	2
C3orf36	2
C4BPAP2	2
C6orf136	2
C7orf50	2
CCDC113	2
CCDC134	2
CCDC144A	2
CCL19	2
CCR6	2
CD247	2
CD27	2
CD37	2
CD48	2
CD5L	2
CD69	2
CD7	2
CD70	2
CD79A	2
CDA	2
CDC14A	2
CDC14B	2
CDC42	2
CDH17	2
CDH19	2
CDH7	2
CDHR2	2
CDHR5	2
CDIP1	2
CDKN1A	2
CEACAM21	2
CHRNA9	2
CHUK	2
CILK1	2
CILP	2
CILP2	2
CKS1BP2	2
CLCN2	2
CLDN5	2
CNIH3	2
CNOT9	2
COIL	2
COMT	2
COPZ2	2
COX8A	2
CPT2	2
CREB3	2
CREB5	2
CREBBP	2
CRTAM	2
CSF1	2
CSRP3-AS1	2
CTA-384D8.34	2
CTB-161M19.4	2
CTC-534B23.1	2
CTD-2140B24.4	2
CTD-2540B15.10	2
CTD-3065B20.4	2
CWH43	2
CXCR4	2
CXCR5	2
CXCR6	2
CYBA	2
CYP4Z2P	2
DBIL5P	2
DBIL5P2	2
DDX3ILA1	2
DEFB129	2
DHFR	2
DHRS7C	2
DIABLO	2
DRD2	2
E2F6	2
ECEL1P1	2
EDIL3	2
EFNB2	2
EGILA	2
EHD4	2
EMILIN1	2
EMILIN2	2
EMILIN3	2
ENSG10010139068.1	2
EPAS1	2
ESRRA	2
FAM151A	2
FAM214B	2
FILIP1	2
FILNC1	2
FRG2HP	2
FRMD1	2
FTH1	2
FTH1P10	2
GADD45G	2
GCATP1	2
GCFC2	2
GCLM	2
GHRL	2
GLIS3	2
GSTM1	2
H2BC16P	2
H3P24	2
HACD3	2
HAGLROS	2
HILPDA	2
HK2	2
HLA-DPB1	2
HOXD12	2
HSD11B2	2
HSD17B1-AS1	2
HSPA1B	2
HSPA6	2
HSPD1	2
HSPE1	2
HTR1A	2
HTR3A	2
ICOS	2
IFI27	2
IFI44	2
IFI44L	2
IFI6	2
IFIT3	2
IFNA1	2
IFNA10	2
IFNA17	2
IFNA21	2
IFNA4	2
IFNA6	2
IFNA7	2
IFNAR1	2
IFNB1	2
IFNGR1	2
IFT172	2
IGHV3-49	2
IGKV2-24	2
IKBKE	2
IL10RA	2
IL10RB	2
IL10RB-DT	2
IL11RA	2
IL12A-AS1	2
IL15RA	2
IL17B	2
IL17C	2
IL17D	2
IL17F	2
IL17RA	2
IL17RC	2
IL17RE	2
IL17REL	2
IL1A	2
IL1F10	2
IL1R1-AS1	2
IL1RL1	2
IL1RL2	2
IL20RB	2
IL20RB-AS1	2
IL21-AS1	2
IL21R-AS1	2
IL22RA1	2
IL22RA2	2
IL27RA	2
IL3	2
IL4R	2
IL6ST	2
IL7R	2
INKA2	2
IRF3	2
IRF5	2
IRF9	2
KCNJ6	2
KDR	2
KIR2DS4	2
KLRF1	2
KRTAP4-4	2
KTI12	2
KYNU	2
LGALS12	2
LILRA5	2
LINC00326	2
LINC00967	2
LINC01060	2
LINC01257	2
LINC01342	2
LINC01906	2
LINC02076	2
LINC02160	2
LINC02361	2
LINC02572	2
LINC02625	2
LLpac-136A2.1	2
LMCD1	2
MARCKSL1P2	2
MARK2P14	2
MED28P5	2
MIA3	2
MIF4GD	2
MIR106B	2
MIR1293	2
MIR3670-4	2
MIR4457	2
MIR567	2
MIR6125	2
MIR634	2
MIR6811	2
MIR6820	2
MPZL2	2
MS4A6E	2
NBPF6	2
NDRG2	2
NDUFA10	2
NDUFA13	2
NDUFA2	2
NDUFA3	2
NDUFA4	2
NDUFA6	2
NDUFA8	2
NDUFB1	2
NDUFB10	2
NDUFB2	2
NDUFS5	2
NDUFS6	2
NFATC1	2
NLGN1	2
NPEPL1	2
NPM1P11	2
NRP1	2
NRROS	2
NXPH4	2
OBSCN	2
OCLN	2
OR1S2	2
OR4B2P	2
OR6C72P	2
OXTR	2
P2RX4	2
PCDHA6	2
PCDHB4	2
PCDHGA2	2
PDCD2	2
PDCD7	2
PFKM	2
PHF3	2
PIK3CB	2
PIK3CD	2
PILRA	2
POP5	2
PPIAP19	2
PPP2R1A	2
PRKAA2	2
PRKAB2	2
PROS1	2
PROSER2	2
PROSER2-AS1	2
PRR12	2
PRR5L	2
PTPRCAP	2
R3HDM2	2
RAB24	2
RASSF8-AS1	2
RCAN2	2
REG1A	2
REN	2
RERG-AS1	2
RGS1	2
RN7SKP256	2
RN7SL542P	2
RN7SL607P	2
RN7SL653P	2
RN7SL706P	2
RN7SL748P	2
RNA5SP248	2
RNA5SP374	2
RNA5SP443	2
RNU4-59P	2
RNU4-68P	2
RNU6-1215P	2
RP1-300I2.2	2
RP11-1082I11.2	2
RP11-144G6.12	2
RP11-155G14.5	2
RP11-15F12.6	2
RP11-163O19.16	2
RP11-173M1.3	2
RP11-177F15.1	2
RP11-17G2.1	2
RP11-197K6.1	2
RP11-24I5.1	2
RP11-260A9.6	2
RP11-30L15.6	2
RP11-347C12.8	2
RP11-347C12.9	2
RP11-365P13.6	2
RP11-372K20.1	2
RP11-378I13.1	2
RP11-380F14.2	2
RP11-402D23.1	2
RP11-408A13.4	2
RP11-428C19.5	2
RP11-440L14.4	2
RP11-525J21.1	2
RP11-54F2.1	2
RP11-56P9.5	2
RP11-681L4.4	2
RP11-68I3.10	2
RP11-6E9.5	2
RP11-730K11.1	2
RP11-73M18.10	2
RP11-76E17.1	2
RP11-813I20.2	2
RP11-815J4.6	2
RP11-91J3.1	2
RP13-262C2.3	2
RP4-640E24.1	2
RP4-809F4.1	2
RPL12P5	2
RPS28P4	2
RSAD2	2
RTEL1-TNFRSF6B	2
S100A8	2
SDHC	2
SDHD	2
SELL	2
SHISA5	2
SIRT3	2
SLC12A2	2
SLC1A2	2
SLC1A3	2
SLC25A28	2
SLC25A3	2
SLC25A39	2
SLC6A3	2
SLC9A3	2
SLC9A3R2	2
SMARCD3	2
SMIM32	2
SMIM8	2
SNORA70C	2
SNORD113-6	2
SNORD91A	2
SOCS2	2
SPON2	2
SPX	2
SRC	2
SSR1	2
STAT2	2
STOML2	2
SUMO3	2
SUPT5H	2
SWSAP1	2
TARBP1	2
TGFBR3	2
TICAM1	2
TJP1	2
TLR3	2
TM9SF4	2
TMED9	2
TMEM120A	2
TMEM161A	2
TMEM237	2
TNFRSF6B	2
TNFSF14	2
TNPO3	2
TOMM22	2
TRAF2	2
TRAF5	2
TRAJ47	2
TRBVA	2
TSC1	2
TSPOAP1	2
TXNRD1	2
TYROBP	2
VPS37B	2
VPS37C	2
VPS9D1-AS1	2
WSCD2	2
XBP1	2
ZBTB12BP	2
ZBTB14	2
ZBTB7C	2
ZNF266	2
ZNF276	2
ZNF556	2
5_8S_rRNA	1
5S_rRNA	1
7SK	1
A1BG-AS1	1
A1CF	1
A2M	1
A2M-AS1	1
A2ML1	1
A2ML1-AS1	1
A2ML1-AS2	1
A2MP1	1
A3GALT2	1
A4GALT	1
A4GNT	1
AA06	1
AAAS	1
AACSP1	1
AADAC	1
AADACL2	1
AADACL2-AS1	1
AADACL3	1
AADACL4	1
AADACP1	1
AADAT	1
AAGAB	1
AAK1	1
AAMDC	1
AAMP	1
AANAT	1
AAR2	1
AARD	1
AARS1P1	1
AARS2	1
AARSD1	1
AASDH	1
AASDHPPT	1
AASS	1
AATBC	1
AATF	1
AATK	1
AB015752.3	1
AB019438.66	1
AB019440.50	1
AB019441.29	1
ABALON	1
ABAT	1
ABBA01000934.1	1
ABBA01045074.1	1
ABBA01045074.2	1
ABC10-43608400O15.1	1
ABC10-44372100G24.1	1
ABC11-4932300O16.1	1
ABC12-46663800M24.1	1
ABC12-46663800M24.2	1
ABC12-47964100C23.1	1
ABC13-47656900H15.1	1
ABC13-48845200J1.1	1
ABCB4	1
ABCC4	1
ABCC5-AS1	1
ABCD1P2	1
ABCD1P3	1
ABCD1P4	1
ABCD1P5	1
ABCD2	1
ABCD3	1
ABLIM2	1
AC000085.4	1
AC000367.1	1
AC002057.2	1
AC002398.13	1
AC002398.9	1
AC002401.1	1
AC002472.8	1
AC004076.7	1
AC004540.5	1
AC004899.3	1
AC005304.1	1
AC005550.5	1
AC006033.22	1
AC006445.11	1
AC006946.17	1
AC007099.2	1
AC007204.3	1
AC007389.3	1
AC007551.2	1
AC007750.5	1
AC009120.3	1
AC009487.4	1
AC009969.1	1
AC010518.3	1
AC010967.3	1
AC012306.2	1
AC012668.3	1
AC015849.14	1
AC018730.4	1
AC019118.4	1
AC024084.1	1
AC026150.6	1
AC027612.3	1
AC073257.1	1
AC074212.5	1
AC079807.2	1
AC090957.2	1
AC091493.2	1
AC091633.2	1
AC092162.2	1
AC092601.1	1
AC092614.2	1
AC092839.4	1
AC098614.2	1
AC098831.4	1
AC099799.1	1
AC104135.2	1
AC104532.2	1
AC106801.1	1
AC107081.5	1
AC107218.3	1
AC113167.2	1
AC114273.3	1
AC114730.2	1
AC116609.2	1
AC133104.2	1
AC133106.2	1
AC141930.2	1
AC144838.2	1
ACADS	1
ACAT1	1
ACMSD	1
ACNATP	1
ACO2	1
ACSF3	1
ACSM6	1
ACTG1P3	1
ACTL9	1
ACTN1	1
ACVR1C	1
ADAL	1
ADAM11	1
ADAM7	1
ADARB1	1
ADGRB3	1
ADGRF1	1
ADGRF3	1
ADI1P3	1
ADORA2A-AS1	1
ADRA1B	1
AFMID	1
AGAP1	1
AGL	1
AGMAT	1
AICDA	1
AIG1	1
AK3	1
AKAP11	1
AKAP5	1
AKT2	1
AKT3	1
AL050303.10	1
AL162151.3	1
ALB	1
ALDH18A1	1
ALDOA	1
ALOX5	1
AMZ2P2	1
ANAPC10	1
ANAPC11	1
ANAPC2	1
ANK1	1
ANKDD1B	1
ANKRD12	1
ANKRD13B	1
ANKRD16	1
ANKRD22	1
ANKRD30BL	1
ANKRD33B	1
ANKRD36BP1	1
ANKRD39	1
ANKRD44	1
ANKRD50	1
ANKRD65	1
ANKRD66	1
ANO1	1
ANO2	1
ANP32AP1	1
ANP32BP3	1
ANP32E	1
ANXA13	1
ANXA5	1
ANXA9	1
AP000254.8	1
AP000281.1	1
AP000350.8	1
AP000435.3	1
AP000697.6	1
AP000997.3	1
AP001347.6	1
AP3S1	1
APBA1	1
APC2	1
APCDD1	1
APCDD1L	1
APCDD1L-DT	1
APOA1	1
APOC1	1
APOC3	1
APOL2	1
APPL2	1
AQP4	1
ARFGAP1	1
ARHGAP1	1
ARHGAP10	1
ARHGAP12	1
ARHGAP29-AS1	1
ARHGEF35	1
ARMC9	1
ARPC4	1
ARSJ	1
ATF4	1
ATF7	1
ATG2A	1
ATG5	1
ATP10A	1
ATP10B	1
ATP10D	1
ATP11AUN	1
ATP12A	1
ATP13A4	1
ATP1A1-AS1	1
ATP1A2	1
ATP1A4	1
ATP1B1P1	1
ATP1B2	1
ATP1B3	1
ATP2A1-AS1	1
ATP2A2	1
ATP2A3	1
ATP2B1	1
ATP2B4	1
ATP2C1	1
ATP2C2	1
ATP5F1AP10	1
ATP5F1AP2	1
ATP5F1AP4	1
ATP5F1AP7	1
ATP5MC1P1	1
ATP5MC1P4	1
ATP5MC1P7	1
ATP5MC2P1	1
ATP5MC2P2	1
ATP5MFP1	1
ATP5MFP5	1
ATP5MGL	1
ATP5MGP1	1
ATP5MGP2	1
ATP5MGP3	1
ATP5MGP6	1
ATP5PBP1	1
ATP5PBP4	1
ATP5PBP5	1
ATP5PBP6	1
ATP5PBP7	1
ATP5PDP2	1
ATP5PDP3	1
ATP5PDP4	1
ATP6AP1L	1
ATP6V0A2	1
ATP6V0A4	1
ATP6V0CP1	1
ATP6V0CP3	1
ATP6V0CP4	1
ATP6V0D1-DT	1
ATP6V0E1P1	1
ATP6V0E1P2	1
ATP6V0E1P4	1
ATP6V1B1	1
ATP6V1E1P1	1
ATP6V1G1P6	1
ATP6V1G1P7	1
ATP6V1G2-DDX39B	1
ATP6V1G3	1
ATP6V1H	1
ATP8A2	1
ATP8B1	1
ATP8B3	1
ATP9B	1
ATPAF2	1
ATRIP	1
ATXN2L	1
ATXN3	1
ATXN7L3	1
ATXN8OS	1
AVPR1B	1
AXIN2	1
AXL	1
B2M	1
B3GNT2	1
B4GALNT2P1	1
B4GALT4-AS1	1
BAHCC1	1
BAHD1	1
BAIAP3	1
BANF1P3	1
BANF2	1
BASP1	1
BBS7	1
BCAS1	1
BCDIN3D	1
BCDIN3D-AS1	1
BCL11A	1
BCL11B	1
BCL2A1	1
BCL6	1
BCLAF1	1
BCO2	1
BCS1L	1
BDKRB1	1
BDKRB2	1
BECN1	1
BEST4	1
BGLAP	1
BICD1	1
BICD1P1	1
BICD2	1
BICDL1	1
BICDL2	1
BIRC2	1
BIRC3	1
BIRC5	1
BMP3	1
BMS1	1
BMS1P23	1
BNIP3P41	1
BORCS7-ASMT	1
bP-2171C21.2	1
BPIFA4P	1
BRICD5	1
BRSK2	1
BSND	1
BTAF1	1
BTLA	1
BUD23	1
C11orf68	1
C11orf86	1
C15orf39	1
C15orf54	1
C16orf89	1
C16orf91	1
C17orf75	1
C1orf174	1
C1orf21-DT	1
C1orf94	1
C20orf197	1
C20orf202	1
C20orf85	1
C21orf58	1
C2CD2	1
C2CD2L	1
C2CD3	1
C2CD4A	1
C2CD4B	1
C2CD4C	1
C2CD4D	1
C2CD4D-AS1	1
C2CD5	1
C2CD6	1
C3orf56	1
C4orf54	1
C7orf65	1
C8orf44	1
C8orf89	1
C9orf116	1
C9orf78	1
CA7	1
CAB39L	1
CABLES1	1
CACNB2	1
CACNG2	1
CALM1	1
CAMK2A	1
CAPS	1
CARD9	1
CARMAL	1
CASP3P1	1
CBLC	1
CBX5	1
CBX6	1
CCDC102A	1
CCDC102B	1
CCDC103	1
CCDC105	1
CCDC106	1
CCDC107	1
CCDC110	1
CCDC112	1
CCDC115	1
CCDC116	1
CCDC117	1
CCDC11P1	1
CCDC12	1
CCDC121	1
CCDC122	1
CCDC125	1
CCDC126	1
CCDC127	1
CCDC12P1	1
CCDC13	1
CCDC13-AS1	1
CCDC130	1
CCDC136	1
CCDC137	1
CCDC137P	1
CCDC138	1
CCDC14	1
CCDC140	1
CCDC141	1
CCDC142	1
CCDC144B	1
CCDC144CP	1
CCDC144NL	1
CCDC171	1
CCDC184	1
CCDC188	1
CCDC191	1
CCDC194	1
CCDC198	1
CCDC30	1
CCDC38	1
CCDC60	1
CCDC68	1
CCDC8	1
CCDC80	1
CCDC86	1
CCK	1
CCL13	1
CCL17	1
CCL18	1
CCL20	1
CCL21	1
CCL22	1
CCL24	1
CCL25	1
CCL27	1
CCL7	1
CCL8	1
CCND1	1
CCNE2	1
CCNG2P1	1
CCNJL	1
CCNL1	1
CCR1	1
CCR10	1
CCR3	1
CCR4	1
CCR8	1
CCR9	1
CCT2	1
CCT8P1	1
CD177	1
CD2	1
CD200	1
CD209	1
CD244	1
CD276	1
CD36	1
CD3G	1
CD46	1
CD47	1
CD5	1
CD53	1
CD55	1
CD58	1
CD63	1
CD81	1
CD83P1	1
CDADC1	1
CDC23	1
CDC25B	1
CDC34	1
CDC45	1
CDC5L	1
CDC6	1
CDC7	1
CDH20	1
CDH5	1
CDH8	1
CDIPT	1
CDK18	1
CDK4	1
CDK5RAP1	1
CDK6	1
CDKL1	1
CDKN3	1
CDS2	1
CDV3	1
CDX1	1
CEBPB	1
CEBPD	1
CEP104	1
CEP83-DT	1
CERS1	1
CERS6	1
CFAP58-DT	1
CFB	1
CGB8	1
CH507-513H4.9	1
CHCHD2P2	1
CHCHD5	1
CHD4	1
CHKB-DT	1
CHMP1A	1
CHMP2A	1
CHORDC1P1	1
CHRM2	1
CHRM3	1
CHRM4	1
CHRNA4	1
CHRNA7	1
CHST3	1
CHST9	1
CICP6	1
CIRBP	1
CISD1P1	1
CKS1BP7	1
CLCC1	1
CLDN19	1
CLEC16A	1
CLEC2B	1
CLEC4M	1
CLIC6	1
CLOCK	1
CLPB	1
CLUHP8	1
CMIP	1
CMP21-97G8.1	1
CMTM3	1
CNDP1	1
CNFN	1
CNGA1	1
CNGA4	1
CNN3-DT	1
CNOT6	1
CNPPD1	1
CNR1	1
CNRIP1	1
COG2	1
COL11A2P1	1
COL23A1	1
COPRSP1	1
COQ9	1
CORO7	1
COX10	1
COX15	1
COX19	1
COX7B2	1
CPA1	1
CPHL1P	1
CPNE6	1
CPNE7	1
CPT1B	1
CRACD	1
CRHBP	1
CRHR2	1
CRIP1	1
CRISPLD2	1
CRLS1	1
CRMP1	1
CROT	1
CRP	1
CRYAB	1
CRYBB1	1
CRYGS	1
CS	1
CSDE1	1
CSF2	1
CSF3	1
CSNK1G2	1
CST9	1
CTA-299D3.8	1
CTA-29F11.1	1
CTA-396D5.2	1
CTA-481E9.4	1
CTA-503F6.2	1
CTA-984G1.5	1
CTB-118P15.3	1
CTB-129P6.4	1
CTB-14A14.2	1
CTB-178M22.2	1
CTB-180C19.1	1
CTB-43I4.1	1
CTB-51E13.2	1
CTB-55O6.10	1
CTB-58E17.10	1
CTBP1-DT	1
CTBP2P9	1
CTC-270D5.1	1
CTC-273B12.5	1
CTC-281F24.5	1
CTC-297N7.9	1
CTC-321K16.1	1
CTC-329H14.1	1
CTC-345K18.2	1
CTC-366B18.2	1
CTC-379B2.4	1
CTC-384G19.1	1
CTC-422A18.1	1
CTC-493L21.2	1
CTC-499B15.8	1
CTC-518B2.10	1
CTC-518B2.12	1
CTC-535M15.2	1
CTC-539A10.7	1
CTC-546K23.2	1
CTC-550B14.10	1
CTC-563A5.2	1
CTC-565M22.1	1
CTC-591M7.1	1
CTC-830I3.1	1
CTD-2001J20.1	1
CTD-2007H13.1	1
CTD-2014D20.1	1
CTD-2031P19.5	1
CTD-2046I8.1	1
CTD-2083E4.4	1
CTD-2126E3.3	1
CTD-2132H18.5	1
CTD-2194F4.2	1
CTD-2199O4.5	1
CTD-2201E9.4	1
CTD-2201G3.1	1
CTD-2207P18.1	1
CTD-2215E18.3	1
CTD-2260A17.1	1
CTD-2283N19.1	1
CTD-2287O16.1	1
CTD-2290P7.1	1
CTD-2302E22.4	1
CTD-2304L4.1	1
CTD-2325P2.5	1
CTD-2385L22.2	1
CTD-2503O16.1	1
CTD-2517M22.14	1
CTD-2526A2.6	1
CTD-2526L21.2	1
CTD-2529O21.2	1
CTD-2533K21.2	1
CTD-2534I21.9	1
CTD-2547L16.3	1
CTD-2552B11.3	1
CTD-2554C21.2	1
CTD-2561B21.10	1
CTD-2566J3.1	1
CTD-2571L23.8	1
CTD-2576F9.2	1
CTD-2582M21.1	1
CTD-2583A14.8	1
CTD-2651B20.9	1
CTD-3074O7.5	1
CTD-3092A11.1	1
CTD-3116E22.7	1
CTD-3148I10.15	1
CTD-3187F8.14	1
CTD-3193O13.8	1
CTD-3247H4.3	1
CTHRC1	1
CTNNA1	1
CTSE	1
CTSLP6	1
CTTNBP2NL	1
CTXN1	1
CXCL1	1
CXCL13	1
CXCL14	1
CXCL16	1
CXCL17	1
CXCL3	1
CXCL5	1
CXCL6	1
CXCR1	1
CXCR2	1
CYFIP1	1
CYP11A1	1
CYP2B6	1
CYP2F1	1
CYP2T3P	1
CYP2U1	1
CYP3A5	1
CYP4F11	1
CYP4F3	1
CYP4F34P	1
DAPK1	1
DARS1-AS1	1
DCAF1	1
DCAF4L2	1
DCAF5	1
DCAF6	1
DCTN1	1
DDA1	1
DDAH2	1
DDX19B	1
DDX25	1
DDX49	1
DDX58	1
DDX60	1
DEFA6	1
DEFB104B	1
DEFB124	1
DEFB130A	1
DEFB130D	1
DEFB131E	1
DENND5A	1
DEPDC7	1
DERPC	1
DHFRP1	1
DIAPH1-AS1	1
DIAPH3-AS2	1
DKKL1	1
DMRTB1	1
DMTF1	1
DNAH5	1
DNAH8-AS1	1
DNAJA1P1	1
DNAJC1	1
DNAJC16	1
DNAJC24	1
DNASE2B	1
DNER	1
DNM1P31	1
DNM1P32	1
DNM1P35	1
DNM1P5	1
DOK3	1
DPEP1	1
DPPA2	1
DRD3	1
DRD4	1
DRD5	1
DSCAML1	1
DSCC1	1
DSEL	1
DUSP1	1
DUSP16	1
DUSP2	1
DUSP26	1
DUSP3	1
DUSP4	1
DUSP6	1
DUXAP5	1
DYNLL2-DT	1
DYRK3	1
E2F1	1
E2F2	1
E2F3	1
E2F4	1
E2F5	1
E2F7	1
E2F8	1
EBF1	1
ECD	1
EDDM13	1
EEF1A1P28	1
EEF1A1P3	1
EEF1A1P32	1
EEF1DP5	1
EFCAB5	1
EIF1AXP1	1
EIF1P2	1
EIF2AK3	1
EIF2S2P2	1
EIF3CL	1
EIF3H	1
EIF4G1	1
ELOCP33	1
EMC3-AS1	1
ENO1P3	1
ENPP7P10	1
ENSG00000275063	1
ENSG00000277666	1
ENSG00000278673	1
ENSG00000280773	1
ENSG00000281420	1
ENSG10010134471.1	1
ENSG10010134679.1	1
ENSG10010135859.1	1
ENSG10010136316.1	1
ENSG10010136341.1	1
ENSG10010136670.1	1
ENSG10010138753.1	1
ENSG10010138848.1	1
ENSG10010139445.1	1
ENSG10010139663.1	1
ENTPD1	1
EPB41L4A	1
EPHA1	1
EPHA10	1
EPHB1	1
EPHB2	1
EPHB6	1
EPN2-AS1	1
EPO	1
EPOP	1
EPSTI1	1
EPX	1
ERCC6	1
ETF1	1
EVX2	1
EXOC6	1
EYA2	1
F3	1
FABP5P1	1
FABP5P4	1
FADD	1
FAF2	1
FAM110A	1
FAM110B	1
FAM120A	1
FAM131B	1
FAM135B	1
FAM13A-AS1	1
FAM162A	1
FAM163A	1
FAM166AP3	1
FAM170B	1
FAM172A	1
FAM172BP	1
FAM181A-AS1	1
FAM183DP	1
FAM184A	1
FAM184B	1
FAM189B	1
FAM216A	1
FAM225B	1
FAM234B	1
FAM240C	1
FAM241A	1
FAM243B	1
FAM50B	1
FAM76A	1
FAM83D	1
FAM86B3P	1
FAM86DP	1
FAM86FP	1
FAM90A24P	1
FAM90A27P	1
FANCC	1
FANCM	1
FARSA-AS1	1
FAT3	1
FBXL13	1
FBXL3	1
FBXO3	1
FBXO41	1
FBXW10	1
FBXW11	1
FCGBP	1
FCGR3A	1
FCGR3B	1
FCRL1	1
FCRL3	1
FDPSP2	1
FDPSP3	1
FEM1A	1
FFAR3	1
FGA	1
FGB	1
FGG	1
FGL2	1
FH	1
FLG-AS1	1
FLJ38576	1
FLT3	1
FLVCR1	1
FLVCR2	1
FMO6P	1
FOSL1	1
FOXD4L3	1
FOXO1	1
FPR1	1
FREM1	1
FRG2GP	1
FRS2	1
FRS3	1
FTH1P6	1
FUBP1	1
FYCO1	1
FZD10	1
FZD6	1
FZD7	1
GAB1	1
GABARAP	1
GABARAPL1	1
GABARAPL2	1
GABRA1	1
GABRA2	1
GADL1	1
GAPDH	1
GAPDHP51	1
GAS5	1
GCDH	1
GCG	1
GCH1	1
GDE1	1
GDNF	1
GEMIN2	1
GFER	1
GFPT1	1
GGACT	1
GGTA1	1
GGTLC2	1
GHRLOS	1
GIGYF1	1
GIMAP5	1
GIMAP6	1
GLIPR1	1
GLIS2-AS1	1
GLMP	1
GLS	1
GLTPD2	1
GLUL	1
GM2A	1
GNAQ	1
GNG5	1
GNG7	1
GNGT1	1
GNMT	1
GNPATP	1
GNRHR2P1	1
GOLGA4	1
GOT2	1
GP1BB	1
GPATCH2	1
GPC1	1
GPC5	1
GPC6-AS1	1
GPR137B	1
GPR141	1
GPR160	1
GPR162	1
GPR176	1
GPR180	1
GPR25	1
GPR26	1
GPR3	1
GPR61	1
GPR68	1
GPR85	1
GPR88	1
GPR89A	1
GPRC5A	1
GPX4	1
GRHL3-AS1	1
GRID2IP	1
GRIN3B	1
GRM8	1
GRP	1
GRXCR1	1
GS1-259H13.13	1
GS1-306C12.1	1
GS1-410F4.5	1
GS1-57L11.1	1
GTF2H4	1
GTF2IRD1	1
GTF3C4	1
GTPBP4	1
GTSCR1	1
GUCY1A1	1
GUSBP10	1
GUSBP13	1
GUSBP7	1
GXYLT1	1
GXYLT1P7	1
GZMK	1
H2AZ1-DT	1
H2BC9	1
H3C1	1
H3C6	1
H3P5	1
H6PD	1
HAAO	1
HADH	1
HAGHL	1
HAGLR	1
HAPLN4	1
HCG4P5	1
HCG4P8	1
HCG9	1
HCK	1
HCP5	1
HDHD5	1
HDHD5-AS1	1
HECW2	1
HERC2P10	1
HERC5	1
HIGD1B	1
HIVEP3	1
HLA-DMA	1
HLA-DQB3	1
HLA-F-AS1	1
HLA-H	1
HLA-N	1
HMCN2	1
HMGB1	1
HMGB1P5	1
HMGB1P6	1
HMGB3P18	1
HMGB3P20	1
HMGCR	1
HMGCS2	1
HMGN3	1
HNRNPA0	1
HNRNPA1P23	1
HNRNPA1P48	1
HNRNPA3P1	1
HNRNPA3P7	1
HNRNPCL1	1
HNRNPCL3	1
HNRNPUL1	1
HOGA1	1
HOXB9	1
HOXC-AS1	1
HOXC10	1
HOXD10	1
HPAT5	1
HPCAL1	1
HPYR1	1
HRAS	1
HSD17B4	1
HSD17B7P1	1
HSD17B8	1
HSD3BP5	1
HSP90AA1	1
HSPA2	1
HSPA8	1
HSPA8P5	1
HSPB1	1
HSPB8	1
HSPD1P18	1
HSPE1P10	1
HTR1E	1
HTR4	1
HTR5BP	1
HTR7	1
HYOU1	1
IARS2	1
IATPR	1
IBTK	1
ICOSLG	1
ID2	1
IDO2	1
IFFO1	1
IFIT1B	1
IFITM2	1
IFITM5	1
IFNA13	1
IFNA14	1
IFNA16	1
IFNA2	1
IFNA5	1
IFNA8	1
IFNAR2	1
IFNE	1
IFNGR2	1
IFNK	1
IFNL1	1
IFNL2	1
IFNL3	1
IFNL4	1
IFT140	1
IGF2BP3	1
IGFBP4	1
IGHD4OR15-4A	1
IGHG1	1
IGHG2	1
IGHG3	1
IGHV2-70	1
IGHV3-74	1
IGHVIII-25-1	1
IGHVIII-44	1
IGHVIII-67-4	1
IGKV1-16	1
IGKV1OR2-2	1
IGKV2-38	1
IGKV2OR2-2	1
IGKV3D-15	1
IGLC6	1
IGLJ3	1
IGLL1	1
IGLV1-36	1
IGLV2-18	1
IGSF21-AS1	1
IGSF6	1
IL31RA	1
IL36RN	1
IL4I1	1
IL5RA	1
ILF2	1
ILF3-DT	1
ILKAP	1
INMT	1
INO80D	1
INPP5A	1
INPP5K	1
INTS11	1
INTS7	1
IRAK1BP1	1
IREB2	1
IRF8	1
ISCU	1
ISG20	1
ITGA4	1
ITGAL	1
ITGB1BP1	1
ITGB2	1
ITPR3	1
JADE2	1
JAG1	1
JAKMIP3	1
JAML	1
JDP2	1
KANK1	1
KAT6A	1
KATNAL2	1
KAZALD1	1
KB-1410C5.5	1
KB-1433G4.1	1
KB-152G3.2	1
KB-1615E4.2	1
KB-7G2.9	1
KBTBD13	1
KBTBD3	1
KCMF1	1
KCNA1	1
KCNC2	1
KCND3-AS1	1
KCNJ10	1
KCNK16	1
KCNMB4	1
KCTD1	1
KCTD12	1
KCTD21	1
KCTD4	1
KDM2B	1
KDM4C	1
KIAA0040	1
KIAA0319	1
KIAA0586	1
KIF18B	1
KIF1A	1
KIF1B	1
KIF25	1
KIF3C	1
KIR2DL4	1
KIR3DL3	1
KLF10	1
KLF15	1
KLF2P2	1
KLF3	1
KLF7	1
KLHDC8A	1
KLHL17	1
KLHL36	1
KLHL5	1
KLHL8	1
KLRB1	1
KLRG1	1
KMO	1
KMT2D	1
KMT2E	1
KRT13	1
KRT18P20	1
KRT27	1
KRT40	1
KRT6C	1
KRT73-AS1	1
KRT74	1
KRT8P12	1
KRTAP10-2	1
KRTAP10-8	1
L3MBTL2	1
L3MBTL4	1
LA16c-306E5.2	1
LAMB2	1
LARGE2	1
LARP1	1
LARP7P1	1
LCP1	1
LDHA	1
LDHB	1
LEAP2	1
LEFTY1	1
LFNG	1
LGALS3BP	1
LGR5	1
LHFPL3	1
LHX1	1
LHX5	1
LIF-AS2	1
LILRA1	1
LILRA2	1
LILRA4	1
LILRA6	1
LILRB1	1
LILRB2	1
LILRB3	1
LILRB4	1
LILRB5	1
LIMCH1	1
LINC00161	1
LINC00221	1
LINC00240	1
LINC00297	1
LINC00313	1
LINC00355	1
LINC00381	1
LINC00402	1
LINC00434	1
LINC00559	1
LINC00560	1
LINC00609	1
LINC00643	1
LINC00649	1
LINC00674	1
LINC00678	1
LINC00702	1
LINC00868	1
LINC00880	1
LINC00881	1
LINC00886	1
LINC00895	1
LINC00900	1
LINC00919	1
LINC00926	1
LINC00941	1
LINC00968	1
LINC00973	1
LINC00987	1
LINC00992	1
LINC01001	1
LINC01003	1
LINC01055	1
LINC01088	1
LINC01094	1
LINC01107	1
LINC01111	1
LINC01133	1
LINC01134	1
LINC01148	1
LINC01149	1
LINC01185	1
LINC01206	1
LINC01218	1
LINC01277	1
LINC01309	1
LINC01359	1
LINC01389	1
LINC01419	1
LINC01423	1
LINC01495	1
LINC01516	1
LINC01547	1
LINC01603	1
LINC01659	1
LINC01688	1
LINC01737	1
LINC01748	1
LINC01753	1
LINC01783	1
LINC01785	1
LINC01812	1
LINC01828	1
LINC01878	1
LINC01882	1
LINC01928	1
LINC01963	1
LINC01990	1
LINC02017	1
LINC02033	1
LINC02043	1
LINC02067	1
LINC02093	1
LINC02100	1
LINC02110	1
LINC02122	1
LINC02190	1
LINC02204	1
LINC02250	1
LINC02285	1
LINC02288	1
LINC02349	1
LINC02372	1
LINC02383	1
LINC02411	1
LINC02461	1
LINC02494	1
LINC02532	1
LINC02552	1
LINC02568	1
LINC02585	1
LINC02591	1
LINC02617	1
LINC02626	1
LINC02705	1
LINC02753	1
LINC02780	1
LINC02827	1
LINC02842	1
LIPG	1
LL22NC03-27C5.1	1
LLNLF-173C4.1	1
LLNLF-191C12.1	1
LLNLR-249E10.1	1
LMO7DN	1
LRCH1	1
LRPAP1	1
LRRC15	1
LRRC23	1
LRRC29	1
LRRC3	1
LRRC34P1	1
LRRC37A4P	1
LRRC73	1
LRRC8B	1
LSM1P1	1
LTA	1
LTBP1	1
LUADT1	1
LY75	1
LY86	1
LYAR	1
LYN	1
LYPD1	1
LYPD6B	1
LYZL2	1
LZTS3	1
MACO1	1
MAFG	1
MAGI1-IT1	1
MAL	1
MAML3	1
MAN2B2	1
MANF	1
MAP1S	1
MAP3K14	1
MAP3K8	1
MAP6	1
MAPK11	1
MAPK9	1
MAPKAPK2	1
MARCHF11-AS1	1
MARCHF4	1
MARS1	1
MAST2	1
MBD3L5	1
MBP	1
MCAM	1
MDM2	1
MEFV	1
MEGF11	1
MEMO1P2	1
MESTP4	1
METTL2A	1
MFN1	1
MFSD9	1
MGAT2	1
MICAL3	1
MIR107	1
MIR1202	1
MIR122HG	1
MIR1255B1	1
MIR1285-1	1
MIR1291	1
MIR1294	1
MIR132	1
MIR1322	1
MIR146B	1
MIR181A2HG	1
MIR1914	1
MIR1915	1
MIR194-1	1
MIR2052	1
MIR214	1
MIR219A2	1
MIR30A	1
MIR30D	1
MIR3147	1
MIR3151	1
MIR3155B	1
MIR3164	1
MIR3175	1
MIR3185	1
MIR3187	1
MIR3189	1
MIR3197	1
MIR34A	1
MIR3622B	1
MIR3650	1
MIR3652	1
MIR3659	1
MIR3670-2	1
MIR3925	1
MIR3945	1
MIR4257	1
MIR4258	1
MIR4290	1
MIR4304	1
MIR4314	1
MIR4315-2	1
MIR4421	1
MIR4432	1
MIR4435-1	1
MIR4452	1
MIR4454	1
MIR4458HG	1
MIR4496	1
MIR449B	1
MIR449C	1
MIR4526	1
MIR4529	1
MIR4671	1
MIR4697	1
MIR4715	1
MIR4720	1
MIR4721	1
MIR4732	1
MIR4739	1
MIR4743	1
MIR4744	1
MIR4795	1
MIR517C	1
MIR520D	1
MIR520F	1
MIR548O2	1
MIR548S	1
MIR548Y	1
MIR550A3	1
MIR556	1
MIR558	1
MIR5693	1
MIR644A	1
MIR6508	1
MIR6720	1
MIR6739	1
MIR6755	1
MIR6801	1
MIR7150	1
MIR7162	1
MIR7843	1
MIR8073	1
MIR8485	1
MIR9-3	1
MIX23P3	1
MLN	1
MLYCD	1
MMP19	1
MMP23B	1
MMP25	1
MMP27	1
MMP9	1
MOB3B	1
MPHOSPH8	1
MPPED2	1
MRC2	1
MRGPRX4	1
MRGPRX7P	1
MRPL23-AS1	1
MRS2	1
MRTFB	1
MS4A13	1
MS4A4E	1
MS4A5	1
MS4A7	1
MSANTD3	1
MSL3P1	1
MST1R	1
MT1E	1
MT1G	1
MT1L	1
MTA1	1
MTATP6P1	1
MTATP6P10	1
MTATP6P11	1
MTATP6P13	1
MTATP6P16	1
MTATP6P17	1
MTATP6P2	1
MTATP6P20	1
MTATP6P21	1
MTATP6P3	1
MTATP6P30	1
MTATP6P5	1
MTCH2	1
MTCO1P25	1
MTCO2P1	1
MTCO2P21	1
MTCYBP17	1
MTCYBP34	1
MTFR2	1
MTMR12	1
MTND1P23	1
MTND2P20	1
MTND3P17	1
MTND4P14	1
MTND5P14	1
MTND5P18	1
MTND5P28	1
MTND6P21	1
MTO1	1
MTRNR2L12	1
MTUS2-AS1	1
MUC16	1
MXRA7P1	1
MYADM	1
MYBPC3	1
MYC	1
MYCBP2	1
MYDGF	1
MYEF2	1
MYO10	1
MYOZ3	1
MZB1	1
MZF1-AS1	1
N4BP2	1
NAA25	1
NAB2	1
NADK	1
NADK2	1
NCAM1	1
NCF1	1
NCF2	1
NCF4	1
NCOA7	1
NCR2	1
NCR3	1
NDUFA11	1
NDUFA12	1
NDUFA4L2	1
NDUFA7	1
NDUFAF2	1
NDUFB6	1
NDUFB7	1
NDUFB9	1
NDUFC1	1
NDUFC2	1
NECTIN1-AS1	1
NEK6	1
NELFB	1
NELFCD	1
NEO1	1
NEU3	1
NEUROD1	1
NEUROD2	1
NEUROD4	1
NEUROG1	1
NEUROG2	1
NEUROG3	1
NFIA-AS2	1
NFIX	1
NFKBIB	1
NFKBIE	1
NFKBIL1	1
NFKBIZ	1
NFXL1	1
NFYC	1
NGB	1
NGFR	1
NKAIN3	1
NKTR	1
NKX6-2	1
NLRP13	1
NMBR	1
NME7	1
NNT	1
NOL12	1
NOS1	1
NOSIP	1
NPIPB8	1
NPM1P32	1
NPY1R	1
NR1D1	1
NR1H3	1
NR1H4	1
NR2E3	1
NRIP2	1
NRXN3	1
NSFP1	1
NSMCE2	1
NT5C3B	1
NTM-AS1	1
NTN1	1
NTPCR	1
NTRK1	1
NUCKS1	1
NUDT14	1
NUDT16	1
NUDT19	1
NUDT21	1
NUP155	1
NUP205	1
OBSCN-AS1	1
OIT3	1
OPA1	1
OR10A7	1
OR10AB1P	1
OR2AT2P	1
OR2E1P	1
OR2R1P	1
OR2T12	1
OR2T34	1
OR4F16	1
OR4G2P	1
OR4G6P	1
OR4L1	1
OR51AB1P	1
OR51T1	1
OR5AP2	1
OR5B12	1
OR5H8	1
OR5M14P	1
OR6C69P	1
OR6Q1	1
OR7E155P	1
OR7E24	1
OR9N1P	1
ORC2	1
ORM1	1
OSGIN1	1
OSR2	1
OXSR1	1
PACRG	1
PACRG-AS3	1
PADI4	1
PAEPP1	1
PAK4	1
PANK3	1
PANX1	1
PAPOLA	1
PAQR5	1
PARP3	1
PASK	1
PAUPAR	1
PCDHA3	1
PCDHA7	1
PCDHB15	1
PCDHB17P	1
PCDHGB4	1
PCDHGC4	1
PCM1	1
PCOLCE	1
PCOLCE2	1
PCSEAT	1
PCYOX1	1
PDCD4	1
PDCD6	1
PDCD6IP	1
PDE11A	1
PDE4A	1
PDE4B	1
PDIA5	1
PDIK1L	1
PDK2	1
PDZD8	1
PFAS	1
PGAM1	1
PHACTR2	1
PHC3	1
PHF13	1
PHGDH	1
PHKG1P4	1
PHLDB3	1
PHOX2A	1
PHRF1	1
PHTF1	1
PIGL	1
PIK3C2A	1
PIK3R1	1
PIK3R6	1
PILRB	1
PIP5K1C	1
PKM	1
PLCH1	1
PLEKHA5	1
PLEKHM3	1
PLIN5	1
PLPP7	1
PLXNB2	1
PMCH	1
PMS2P1	1
PNISR	1
PNKP	1
POC5	1
POLD1	1
POLG	1
POLG2	1
POLR2J4	1
POLR3E	1
POM121L1P	1
POU5F1P7	1
PPAN	1
PPFIBP2	1
PPHLN1	1
PPIAP39	1
PPIAP63	1
PPIAP83	1
PPIC	1
PPIF	1
PPIL2	1
PPP1R14C	1
PPP1R36	1
PPP1R3A	1
PPP2R5D	1
PPP4R3B	1
PPT2	1
PRAMEF1	1
PRDM9	1
PRH1-PRR4	1
PRICKLE2	1
PRKAR2A	1
PRNP	1
PRPF31	1
PRPF40B	1
PRR15L	1
PRR20G	1
PRR22	1
PRR5	1
PRRT4	1
PRSS1	1
PRSS33	1
PSKH2	1
PSMA4	1
PSMB4	1
PSMB6	1
PSMC1P12	1
PSME4	1
PSMG2	1
PSMG3	1
PTCH1	1
PTCHD3P2	1
PTEN	1
PTGER3	1
PTGFRN	1
PTGIR	1
PTGR1	1
PTPN21	1
PTPN22	1
PTPRD-AS1	1
PTPRJ-AS1	1
PTPRO	1
PTRHD1	1
PYCR3	1
QPRT	1
QRSL1P1	1
R3HCC1	1
RAB11B-AS1	1
RAB27A	1
RAB33B	1
RAB34	1
RAB36	1
RAB39A	1
RAB3C	1
RAB4A	1
RAB5C	1
RABAC1	1
RAC1P8	1
RAD51	1
RAD51B	1
RAD52P1	1
RAMP1	1
RAMP3	1
RANBP17	1
RANBP6	1
RARRES2P9	1
RASGRF2	1
RASSF9	1
RAVER2	1
RB1	1
RBAK	1
RBM7	1
RBMS1	1
RBMS3	1
RBP5	1
RCAN1	1
RCHY1	1
RCVRN	1
REXO2	1
RFC3P1	1
RFPL1S	1
RFTN2	1
RGPD6	1
RGS5	1
RGS9BP	1
RHBDD1	1
RHBDD2	1
RHEB	1
RHEBL1	1
RHOF	1
RIC1	1
RIF1	1
RIPOR1	1
RIPOR3	1
RN7SKP103	1
RN7SKP150	1
RN7SKP172	1
RN7SKP218	1
RN7SKP258	1
RN7SKP289	1
RN7SKP291	1
RN7SKP99	1
RN7SL106P	1
RN7SL126P	1
RN7SL143P	1
RN7SL150P	1
RN7SL164P	1
RN7SL166P	1
RN7SL216P	1
RN7SL222P	1
RN7SL242P	1
RN7SL293P	1
RN7SL316P	1
RN7SL357P	1
RN7SL384P	1
RN7SL397P	1
RN7SL408P	1
RN7SL415P	1
RN7SL435P	1
RN7SL469P	1
RN7SL50P	1
RN7SL526P	1
RN7SL531P	1
RN7SL535P	1
RN7SL536P	1
RN7SL549P	1
RN7SL552P	1
RN7SL553P	1
RN7SL557P	1
RN7SL560P	1
RN7SL565P	1
RN7SL566P	1
RN7SL568P	1
RN7SL570P	1
RN7SL571P	1
RN7SL575P	1
RN7SL57P	1
RN7SL582P	1
RN7SL583P	1
RN7SL587P	1
RN7SL592P	1
RN7SL597P	1
RN7SL602P	1
RN7SL608P	1
RN7SL60P	1
RN7SL612P	1
RN7SL616P	1
RN7SL619P	1
RN7SL620P	1
RN7SL624P	1
RN7SL625P	1
RN7SL632P	1
RN7SL635P	1
RN7SL636P	1
RN7SL652P	1
RN7SL654P	1
RN7SL660P	1
RN7SL666P	1
RN7SL678P	1
RN7SL691P	1
RN7SL704P	1
RN7SL711P	1
RN7SL713P	1
RN7SL714P	1
RN7SL715P	1
RN7SL718P	1
RN7SL720P	1
RN7SL724P	1
RN7SL726P	1
RN7SL72P	1
RN7SL733P	1
RN7SL734P	1
RN7SL735P	1
RN7SL73P	1
RN7SL740P	1
RN7SL741P	1
RN7SL749P	1
RN7SL750P	1
RN7SL751P	1
RN7SL757P	1
RN7SL760P	1
RN7SL775P	1
RN7SL776P	1
RN7SL782P	1
RN7SL786P	1
RN7SL789P	1
RN7SL792P	1
RN7SL801P	1
RN7SL802P	1
RN7SL803P	1
RN7SL807P	1
RN7SL809P	1
RN7SL810P	1
RN7SL812P	1
RN7SL817P	1
RN7SL820P	1
RN7SL822P	1
RN7SL824P	1
RN7SL827P	1
RN7SL82P	1
RN7SL834P	1
RN7SL835P	1
RN7SL837P	1
RN7SL843P	1
RN7SL847P	1
RN7SL849P	1
RN7SL854P	1
RN7SL856P	1
RN7SL861P	1
RN7SL864P	1
RN7SL88P	1
RN7SL98P	1
RNA5-8SN3	1
RNA5-8SN5	1
RNA5-8SP5	1
RNA5S12	1
RNA5SP131	1
RNA5SP169	1
RNA5SP282	1
RNA5SP291	1
RNA5SP296	1
RNA5SP298	1
RNA5SP303	1
RNA5SP308	1
RNA5SP325	1
RNA5SP355	1
RNA5SP357	1
RNA5SP418	1
RNA5SP444	1
RNA5SP445	1
RNA5SP453	1
RNA5SP470	1
RNA5SP493	1
RNA5SP52	1
RNA5SP57	1
RNA5SP88	1
RNA5SP98	1
RNASEL	1
RNF122	1
RNF14	1
RNF148	1
RNF175	1
RNF224	1
RNMTL1P1	1
RNU1-33P	1
RNU1-34P	1
RNU1-76P	1
RNU2-34P	1
RNU2-47P	1
RNU2-49P	1
RNU4-23P	1
RNU4-41P	1
RNU4-77P	1
RNU6-1026P	1
RNU6-1071P	1
RNU6-1079P	1
RNU6-1140P	1
RNU6-1153P	1
RNU6-1168P	1
RNU6-1176P	1
RNU6-1216P	1
RNU6-1289P	1
RNU6-1311P	1
RNU6-148P	1
RNU6-156P	1
RNU6-16P	1
RNU6-192P	1
RNU6-205P	1
RNU6-230P	1
RNU6-289P	1
RNU6-299P	1
RNU6-304P	1
RNU6-323P	1
RNU6-362P	1
RNU6-408P	1
RNU6-438P	1
RNU6-447P	1
RNU6-460P	1
RNU6-46P	1
RNU6-473P	1
RNU6-488P	1
RNU6-489P	1
RNU6-548P	1
RNU6-572P	1
RNU6-588P	1
RNU6-602P	1
RNU6-61P	1
RNU6-655P	1
RNU6-673P	1
RNU6-675P	1
RNU6-740P	1
RNU6-766P	1
RNU6-790P	1
RNU6-822P	1
RNU6-851P	1
RNU6-883P	1
RNU6-888P	1
RNU6-946P	1
RNU6-989P	1
RNU6ATAC12P	1
RNU7-124P	1
RNU7-129P	1
RNU7-13P	1
RNU7-140P	1
RNU7-174P	1
RNU7-182P	1
RNU7-200P	1
RNU7-22P	1
RNU7-30P	1
RNU7-61P	1
RNU7-94P	1
RNVU1-26	1
RNVU1-8	1
RNY3P10	1
RORA	1
RP1-100J12.1	1
RP1-137D17.3	1
RP1-140J1.4	1
RP1-149A16.16	1
RP1-150O5.4	1
RP1-168P16.3	1
RP1-273P12.1	1
RP1-302D9.5	1
RP1-47A17.1	1
RP1-63G5.7	1
RP1-79C4.4	1
RP1-81D8.7	1
RP11-1012A1.11	1
RP11-1017G21.4	1
RP11-1037D22.1	1
RP11-1057B6.1	1
RP11-1058G23.1	1
RP11-1079K10.1	1
RP11-107N15.1	1
RP11-109E12.5	1
RP11-109N23.6	1
RP11-1113L8.7	1
RP11-112N19.1	1
RP11-1134I14.2	1
RP11-113E21.2	1
RP11-1143G9.4	1
RP11-114G22.1	1
RP11-115C21.2	1
RP11-115D10.1	1
RP11-115D19.1	1
RP11-115J16.3	1
RP11-116D17.3	1
RP11-116G8.5	1
RP11-116G8.7	1
RP11-118A1.2	1
RP11-118N24.2	1
RP11-120K9.3	1
RP11-120M18.5	1
RP11-121A8.1	1
RP11-121C6.4	1
RP11-1267H10.4	1
RP11-1281K21.9	1
RP11-128P17.4	1
RP11-129M16.4	1
RP11-134E15.1	1
RP11-137F15.1	1
RP11-138A9.1	1
RP11-138C24.2	1
RP11-138I1.4	1
RP11-138I18.2	1
RP11-139H15.6	1
RP11-13N13.6	1
RP11-144C15.2	1
RP11-148B3.2	1
RP11-149I9.2	1
RP11-151H2.1	1
RP11-151H2.3	1
RP11-154D9.1	1
RP11-155L15.1	1
RP11-156K13.3	1
RP11-157K17.7	1
RP11-158I23.1	1
RP11-158I9.8	1
RP11-159N11.4	1
RP11-15E1.6	1
RP11-15I20.1	1
RP11-160E2.6	1
RP11-168P6.2	1
RP11-169L18.2	1
RP11-16B13.1	1
RP11-16C1.2	1
RP11-170K4.2	1
RP11-173A16.1	1
RP11-174O3.3	1
RP11-174O3.6	1
RP11-178H8.3	1
RP11-17M15.2	1
RP11-182L21.6	1
RP11-186F10.2	1
RP11-188D8.1	1
RP11-196I18.4	1
RP11-19D2.1	1
RP11-19P22.3	1
RP11-1B20.1	1
RP11-1H15.1	1
RP11-202H2.1	1
RP11-205M5.3	1
RP11-209D20.2	1
RP11-210K20.2	1
RP11-210K20.5	1
RP11-211F2.1	1
RP11-212D19.4	1
RP11-214L19.2	1
RP11-219A15.2	1
RP11-220I15.1	1
RP11-231C14.10	1
RP11-231E6.1	1
RP11-232L2.3	1
RP11-241F15.3	1
RP11-242F11.3	1
RP11-251I17.1	1
RP11-252C24.2	1
RP11-254F7.1	1
RP11-255I10.1	1
RP11-256P1.1	1
RP11-259G18.1	1
RP11-259O2.2	1
RP11-259P6.3	1
RP11-263K4.3	1
RP11-263K4.5	1
RP11-267M23.6	1
RP11-268P4.5	1
RP11-272D20.2	1
RP11-274B21.9	1
RP11-279F6.2	1
RP11-27G13.1	1
RP11-27J8.4	1
RP11-283G6.5	1
RP11-284N8.3	1
RP11-285A1.1	1
RP11-286N22.8	1
RP11-286N3.1	1
RP11-288G3.4	1
RP11-28A22.2	1
RP11-290D2.5	1
RP11-290D2.6	1
RP11-290L7.6	1
RP11-296L22.8	1
RP11-2C24.4	1
RP11-2C24.7	1
RP11-2E17.2	1
RP11-2N5.4	1
RP11-302I18.3	1
RP11-303E16.2	1
RP11-303E16.5	1
RP11-303E16.6	1
RP11-303E16.8	1
RP11-304C12.5	1
RP11-313I2.5	1
RP11-313M3.2	1
RP11-315L6.1	1
RP11-316A16.1	1
RP11-318K15.2	1
RP11-320L11.2	1
RP11-321N4.4	1
RP11-322M13.1	1
RP11-325D15.2	1
RP11-329N11.1	1
RP11-329N15.3	1
RP11-331F4.4	1
RP11-331M18.1	1
RP11-332H18.5	1
RP11-334N17.1	1
RP11-338E21.1	1
RP11-33E15.1	1
RP11-342M1.3	1
RP11-346C4.3	1
RP11-347H15.3	1
RP11-34H11.6	1
RP11-354H21.2	1
RP11-356C4.5	1
RP11-356K23.1	1
RP11-357H3.1	1
RP11-357N13.1	1
RP11-35L17.3	1
RP11-364P22.2	1
RP11-365F18.3	1
RP11-366H4.3	1
RP11-376O6.2	1
RP11-37C7.3	1
RP11-382A20.6	1
RP11-383G6.4	1
RP11-385M4.5	1
RP11-389G6.3	1
RP11-391D19.1	1
RP11-395I6.1	1
RP11-398K22.12	1
RP11-3L21.3	1
RP11-3P22.2	1
RP11-400L8.2	1
RP11-403F21.4	1
RP11-403N16.5	1
RP11-404F10.6	1
RP11-404J24.1	1
RP11-408A13.3	1
RP11-408P14.1	1
RP11-413E1.2	1
RP11-416H1.2	1
RP11-420K14.8	1
RP11-423H2.3	1
RP11-430C7.4	1
RP11-431N8.1	1
RP11-432I5.8	1
RP11-434H14.1	1
RP11-435F13.2	1
RP11-438F14.11	1
RP11-438H24.3	1
RP11-439K3.1	1
RP11-43D4.3	1
RP11-442J21.2	1
RP11-443C10.2	1
RP11-445O3.2	1
RP11-44I10.5	1
RP11-453N18.1	1
RP11-459D22.1	1
RP11-459E5.1	1
RP11-45K10.2	1
RP11-460M2.1	1
RP11-465K16.1	1
RP11-466A19.3	1
RP11-466F5.9	1
RP11-467C18.1	1
RP11-467H10.1	1
RP11-469L4.1	1
RP11-471L13.2	1
RP11-471M2.3	1
RP11-472K17.3	1
RP11-477G18.2	1
RP11-479I16.2	1
RP11-47L11.1	1
RP11-482G13.1	1
RP11-483P21.2	1
RP11-484D2.5	1
RP11-484D4.3	1
RP11-488C13.7	1
RP11-489G11.6	1
RP11-48B3.4	1
RP11-492L8.2	1
RP11-492M19.3	1
RP11-497D6.5	1
RP11-498C9.17	1
RP11-499F19.4	1
RP11-49K24.8	1
RP11-4D11.1	1
RP11-511H23.1	1
RP11-513N16.1	1
RP11-515C16.1	1
RP11-517P14.7	1
RP11-517P14.9	1
RP11-51L5.5	1
RP11-521I2.3	1
RP11-522B15.3	1
RP11-529G21.3	1
RP11-536C10.19	1
RP11-536I6.2	1
RP11-53L24.2	1
RP11-53M11.5	1
RP11-540O11.7	1
RP11-545H22.1	1
RP11-547C13.1	1
RP11-547C5.1	1
RP11-549L6.3	1
RP11-551M15.6	1
RP11-552I14.1	1
RP11-553D4.3	1
RP11-553P9.1	1
RP11-556O15.1	1
RP11-55P9.1	1
RP11-566J3.2	1
RP11-566K11.2	1
RP11-569A11.2	1
RP11-56O18.2	1
RP11-56P9.8	1
RP11-573G6.8	1
RP11-575L7.4	1
RP11-57A19.4	1
RP11-580J4.1	1
RP11-589P10.5	1
RP11-58A11.2	1
RP11-598G2.1	1
RP11-5N11.5	1
RP11-603B13.1	1
RP11-606E8.2	1
RP11-612B6.6	1
RP11-616M22.7	1
RP11-618K16.4	1
RP11-61O11.1	1
RP11-625H11.2	1
RP11-629F19.1	1
RP11-631F7.1	1
RP11-632F7.3	1
RP11-638I2.2	1
RP11-642D21.1	1
RP11-643C9.2	1
RP11-644A7.3	1
RP11-649A16.1	1
RP11-64B16.2	1
RP11-64D24.4	1
RP11-64K12.8	1
RP11-654C22.2	1
RP11-65B23.3	1
RP11-65L3.2	1
RP11-667F9.2	1
RP11-66G15.1	1
RP11-673E1.3	1
RP11-674E16.5	1
RP11-675M1.2	1
RP11-679B17.2	1
RP11-67C2.2	1
RP11-67L3.7	1
RP11-680F8.4	1
RP11-686O6.2	1
RP11-687F6.5	1
RP11-690C23.4	1
RP11-692C24.3	1
RP11-697E2.7	1
RP11-6N13.1	1
RP11-701P16.3	1
RP11-709D24.5	1
RP11-72I2.1	1
RP11-731J8.2	1
RP11-732A19.6	1
RP11-732A19.9	1
RP11-734B5.2	1
RP11-738B7.1	1
RP11-742D12.1	1
RP11-74K11.1	1
RP11-74K11.2	1
RP11-752G15.4	1
RP11-753G20.2	1
RP11-758I14.2	1
RP11-759F5.1	1
RP11-760D2.13	1
RP11-77K12.3	1
RP11-791G15.2	1
RP11-793I11.1	1
RP11-798G7.5	1
RP11-798G7.8	1
RP11-810D13.1	1
RP11-813B8.1	1
RP11-814E24.1	1
RP11-815J4.1	1
RP11-818F20.5	1
RP11-81M19.3	1
RP11-830F9.7	1
RP11-831A10.3	1
RP11-83J21.3	1
RP11-844P9.5	1
RP11-846F4.12	1
RP11-856M7.8	1
RP11-857B24.5	1
RP11-85B7.5	1
RP11-863P13.1	1
RP11-863P13.5	1
RP11-867G23.8	1
RP11-872D17.4	1
RP11-885L14.1	1
RP11-887P2.3	1
RP11-894P9.2	1
RP11-90B22.1	1
RP11-90L1.8	1
RP11-90P5.5	1
RP11-91K8.2	1
RP11-91P24.5	1
RP11-927P21.8	1
RP11-92C4.3	1
RP11-932A10.3	1
RP11-95O2.1	1
RP11-96K14.1	1
RP11-989E6.3	1
RP11-989F5.1	1
RP11-98D18.15	1
RP11-98D18.7	1
RP11-98I9.4	1
RP13-20L14.1	1
RP3-364H10.1	1
RP3-377H17.5	1
RP3-419C19.2	1
RP3-424M6.4	1
RP3-430N8.10	1
RP3-449H6.2	1
RP3-453I5.3	1
RP3-461P17.9	1
RP3-466P17.1	1
RP3-467K16.7	1
RP3-467N11.1	1
RP3-470B24.5	1
RP3-477M7.5	1
RP3-495K2.1	1
RP4-535B20.4	1
RP4-541C22.5	1
RP4-586J11.1	1
RP4-591B8.3	1
RP4-604P14.2	1
RP4-613B23.5	1
RP4-633I8.4	1
RP4-730D4.1	1
RP4-736I12.1	1
RP4-736L20.4	1
RP4-739H11.3	1
RP4-775C13.1	1
RP4-792G4.3	1
RP4-814D15.1	1
RP5-1007H16.1	1
RP5-1077I2.3	1
RP5-1166H10.4	1
RP5-1174N9.2	1
RP5-1184F4.8	1
RP5-1193P9.4	1
RP5-837J1.6	1
RP5-837M10.4	1
RP5-890O15.3	1
RP5-900K19.2	1
RP5-919F19.5	1
RP5-931K24.4	1
RP5-947P14.1	1
RP5-956O18.2	1
RPA1	1
RPL12P36	1
RPL21P35	1
RPL21P99	1
RPL27P7	1
RPL35AP9	1
RPRM	1
RPS13P4	1
RPS29P27	1
RPS6KA5	1
RPSAP72	1
RSRC1	1
RTP3	1
RTP4	1
RTP5	1
RUSC1-AS1	1
S100A6	1
S100A9	1
S100PBP	1
SAA1	1
SAFB	1
SAMD11	1
SAP30	1
SAR1B	1
SCAMP3	1
SCAMP4	1
SCAPER	1
SCARNA8	1
SCD	1
SCFD1	1
SDHCP1	1
SDR39U1	1
SEC14L2	1
SEC22B2P	1
SECISBP2L	1
SELENON	1
SELP	1
SEMA4C	1
SEMA6D	1
SEMG2	1
SEPHS1P6	1
SEPTIN12	1
SEPTIN7P2	1
SERPINA3	1
SERPINE1	1
SET	1
SEZ6L2	1
SFSWAP	1
SGCE	1
SGK1	1
SH2B2	1
SH2D1B	1
SH2D5	1
SH3PXD2A	1
SHISA9	1
SHROOM3	1
SIGLEC6	1
SIN3B	1
SKA3	1
SLAIN1	1
SLAMF1	1
SLAMF6	1
SLAMF7	1
SLC11A1	1
SLC12A1	1
SLC12A3	1
SLC13A1	1
SLC13A2	1
SLC13A3	1
SLC15A1	1
SLC15A4	1
SLC16A1	1
SLC16A10	1
SLC18A1	1
SLC19A1	1
SLC20A2	1
SLC22A13	1
SLC23A2	1
SLC24A1	1
SLC25A21	1
SLC25A40	1
SLC25A6P4	1
SLC26A10	1
SLC26A11	1
SLC26A2	1
SLC27A5	1
SLC2A13	1
SLC2A3	1
SLC30A9	1
SLC35C2	1
SLC35F1	1
SLC38A1	1
SLC39A9	1
SLC44A1	1
SLC45A2	1
SLC45A4	1
SLC46A1	1
SLC46A3	1
SLC4A11	1
SLC4A4	1
SLC4A7	1
SLC51B	1
SLC66A1	1
SLC6A11	1
SLC6A12	1
SLC6A13	1
SLC6A15	1
SLC6A16	1
SLC6A7	1
SLC6A9	1
SLC7A14	1
SLC7A9	1
SLC8B1	1
SLC9A1	1
SLC9A3R1	1
SLC9A8	1
SLCO1A2	1
SMAD7	1
SMARCA5	1
SMARCB1	1
SMC2-DT	1
SMC3	1
SMC4P1	1
SMIM12P1	1
SMIM5	1
SNAI3	1
SNHG19	1
SNHG26	1
SNHG27	1
SNIP1	1
SNORA10	1
SNORA31	1
SNORA3A	1
SNORA41B	1
SNORD113-4	1
SNORD114-17	1
SNORD115-15	1
SNORD115-33	1
SNORD116	1
SNORD116-9	1
SNORD117	1
SNORD28	1
SNORD54	1
SNORD57	1
SNORD69	1
SNORD8	1
SNRNP40	1
SNRNP48	1
SNRPCP13	1
SNRPCP15	1
SNRPCP4	1
SOCS4	1
SOCS5	1
SOCS6	1
SOCS7	1
SORCS2	1
SOX8	1
SP7	1
SPAG4	1
SPAG6	1
SPATA31A1	1
SPATA5	1
SPATS2	1
SPECC1P2	1
SPEG	1
SPESP1	1
SPHK2	1
SPOCK2	1
SPRING1P1	1
SPRYD7	1
SPTSSA	1
SRP68P2	1
SSR1P2	1
ST13P19	1
ST3GAL1	1
ST6GALNAC4	1
ST7-AS1	1
ST8SIA6-AS1	1
STARD5	1
STK19B	1
STK38	1
STK39	1
STMN1	1
STMN4	1
STRADB	1
STRN	1
STX7	1
SUB1P4	1
SUGT1	1
SUGT1P3	1
SULF2	1
SULT1A4	1
SUPT4H1P1	1
SUSD1	1
SUSD4	1
SWT1	1
SYNDIG1	1
SYVN1	1
TAAR2	1
TAAR7P	1
TAC1	1
TACC3	1
TADA2A	1
TAF12	1
TAF2	1
TAF5	1
TAOK3	1
TAS2R19	1
TAS2R5	1
TAS2R6P	1
TAX1BP3	1
TBC1D12	1
TBC1D16	1
TBC1D2B	1
TBC1D30	1
TBC1D3G	1
TBK1	1
TBX18-AS1	1
TBXT	1
TCAF2C	1
TDRD12	1
TDRD3	1
TDRKH-AS1	1
TEK	1
TENM4	1
TENT4A	1
TERT	1
TET3	1
TEX47	1
TFIP11	1
TGFBR1	1
TGFBR2	1
TGM7	1
THAP9	1
THORLNC	1
THRAP3	1
TICAM2	1
TIRAP	1
TK1	1
TLK2	1
TLL1	1
TLR1	1
TLR10	1
TLR12P	1
TLR6	1
TM4SF18	1
TMC8	1
TMCC3	1
TMEM104	1
TMEM106C	1
TMEM119	1
TMEM131	1
TMEM150C	1
TMEM160	1
TMEM200C	1
TMEM202	1
TMEM216	1
TMEM229B	1
TMEM232	1
TMEM248	1
TMEM254	1
TMEM258	1
TMEM267	1
TMEM275	1
TMEM80	1
TMEM92	1
TMSB10	1
TMSB4XP6	1
TNFAIP2	1
TNFSF10	1
TNFSF11	1
TNFSF12	1
TNFSF13	1
TNFSF15	1
TNFSF18	1
TNFSF4	1
TNFSF8	1
TNFSF9	1
TNNI3	1
TNS3	1
TOMM40	1
TOMM7	1
TOPAZ1	1
TP53BP1	1
TPBGL	1
TPD52	1
TPH2	1
TPI1	1
TPST1	1
TRAC	1
TRADD	1
TRAF1	1
TRAF3	1
TRAFD1	1
TRAJ11	1
TRAJ14	1
TRAPPC10	1
TRAPPC2L	1
TRAPPC6A	1
TRAV2	1
TRAV26-1	1
TRAV8-3	1
TRBC1	1
TRBV6-5	1
TRDC	1
TRDV2	1
TRGC1	1
TRGV9	1
TRIM15	1
TRIM22	1
TRIM25	1
TRIM4	1
TRIM41	1
TRIM64	1
TRIM73	1
TRMT12	1
TRPA1	1
TRPM3	1
TRPM8	1
TRPV1	1
TSC2	1
TSHZ2	1
TSNAX	1
TSNAXIP1	1
TSPAN15	1
TSPAN2	1
TSTD2	1
TTBK1	1
TTC26	1
TTC29	1
TTC39B	1
TTC9C	1
TTLL11	1
TTR	1
TUBA8	1
TUBAP1	1
TUBB2A	1
TUBB4A	1
TUBB8	1
TVP23BP1	1
TXNDC11	1
TXNRD2	1
U91328.22	1
UBA3	1
UBAC2	1
UBB	1
UBE2F	1
UBE2H	1
UBE2Q2P6	1
UBE2T	1
UBFD1	1
UBQLN4	1
UBTD1	1
UBXN11	1
UHMK1	1
UHRF1BP1	1
ULK4P2	1
UNC93B3	1
UPK3A	1
UPK3BL1	1
UQCRB	1
UQCRBP3	1
UQCRFS1	1
UQCRH	1
UQCRHL	1
UQCRHP3	1
UQCRHP4	1
UQCRQ	1
USB1	1
USP17L6P	1
USP18	1
USP2	1
USP22	1
USP24	1
USP32P2	1
USP37	1
USP6NL	1
VARS1	1
VCAN-AS1	1
VDAC1P5	1
VEGFB	1
VEGFC	1
VEZT	1
VN1R12P	1
VN1R13P	1
VN1R37P	1
VN1R4	1
VPS13D	1
VPS37D	1
VPS8	1
VRK3	1
VSIG10	1
VSTM1	1
VSTM2B	1
VWA7	1
WDR1	1
WDR11	1
WDR20	1
WDR5-DT	1
WDR55	1
WDR89	1
WIZ	1
WNK1	1
WNK4	1
WSB1	1
XKR7	1
XPC-AS1	1
XRN2	1
XXbac-BPG300A18.13	1
XXbac-BPG300A18.14	1
XXcos-LUCA11.5	1
Y_RNA	1
YES1	1
YWHAE	1
ZBED3	1
ZBED5	1
ZBTB2	1
ZBTB41	1
ZBTB48	1
ZBTB8B	1
ZC3H11A	1
ZCCHC8	1
ZDHHC20	1
ZDHHC20P4	1
ZDHHC23	1
ZDHHC24	1
ZFP2	1
ZFP3	1
ZFR	1
ZFYVE28	1
ZMYM4-AS1	1
ZNF101	1
ZNF107	1
ZNF141	1
ZNF160	1
ZNF165	1
ZNF195	1
ZNF197	1
ZNF229	1
ZNF283	1
ZNF295-AS1	1
ZNF33B	1
ZNF34	1
ZNF347	1
ZNF430	1
ZNF446	1
ZNF473	1
ZNF506	1
ZNF521	1
ZNF541	1
ZNF573	1
ZNF594	1
ZNF605	1
ZNF615	1
ZNF622	1
ZNF649	1
ZNF658B	1
ZNF676	1
ZNF692	1
ZNF701	1
ZNF721	1
ZNF722P	1
ZNF740	1
ZNF750	1
ZNF800	1
ZNF804B	1
ZNF806	1
ZNF813	1
ZNF827	1
ZNF84-DT	1
ZNF85	1
ZNF865	1
ZNRF1	1
ZNRF4	1
ZRANB1	1
ZSCAN26	1
ZSWIM4	1
