TNF	92
CTLA4	91
GZMB	91
IFNG	91
PRF1	89
IL1B	86
PDCD1	85
IL10	84
IL6	84
LAG3	81
NDUFS1	80
SDHB	78
UQCRC1	78
SOD2	76
CAT	75
TIGIT	75
GPX1	73
SDHA	70
COX4I1	69
SOD1	69
HAVCR2	68
GPX4	67
IL2	67
GSR	66
NDUFS3	64
COX5A	63
CCL5	60
CD38	60
GCLC	60
IL17A	60
UQCRC2	60
NFE2L2	59
CD8A	58
TLR4	57
HMOX1	56
NCR1	56
CD4	55
TBX21	55
FCGR3A	53
KEAP1	53
NDUFS2	53
NQO1	53
CCL2	52
CD244	52
CXCL10	52
KLRD1	52
PRDX1	49
TGFB1	49
KLRC1	48
CX3CR1	47
GCLM	46
KLRG1	45
COX5B	44
COX7A2	44
GZMA	43
KLRK1	43
NDUFA3	43
AIF1	42
CCL4	41
CS	41
IL18	41
NCAM1	41
PRDX3	41
STAT1	41
CD28	40
COX6A1	40
CD68	39
EOMES	39
IDH2	39
NFKB1	39
TXNRD1	39
NDUFV1	38
NR3C1	38
SDHC	38
TOX	38
CRH	37
CRHR1	37
FKBP5	37
IL4	37
NDUFS4	37
POMC	37
TREM2	36
TXN	36
GATA3	35
CCL3	34
CD3E	34
IL21	34
NDUFS7	34
SDHD	34
IRF7	33
TFAM	33
NDUFB1	32
NDUFB3	32
NDUFB8	32
NFKBIA	32
RELA	32
TSPO	32
ACO2	31
ATP5F1A	31
NLRP3	31
CD69	30
NCR3	30
NRF1	30
OGDH	30
STAT3	30
CD8B	29
FH	29
GSS	29
HLA-DRB1	29
MDH2	29
NDUFA4	29
P2RY12	29
PPARGC1A	29
TNFAIP3	29
UQCRB	29
CD14	28
GZMK	28
MYD88	28
NDUFS8	28
ATP5F1B	27
BTLA	27
CD19	27
CSF1R	27
IL1A	27
LCK	27
NR3C2	27
TLR2	27
CCR7	26
ITGAM	26
KLRC2	25
MS4A1	25
CD27	24
KIR2DL1	24
NDUFA2	24
PDK4	24
CD160	23
PDK1	23
UQCRFS1	23
IRF3	22
JAK2	22
NOS3	22
PRDX2	22
ATP5F1C	21
CSF2	21
GNLY	21
NDUFV2	21
TLR9	21
EDN1	20
IL12B	20
KIR3DL1	20
NDUFA9	20
CASP1	19
CD86	19
CRHR2	19
CXCR4	19
MC2R	19
RORC	19
CD3G	18
COX6B1	18
FASLG	18
NCR2	18
NDUFA5	18
NDUFB2	18
VEGFA	18
ATP5F1D	17
CD274	17
CD3D	17
CYCS	17
GFAP	17
HLA-DRA	17
HSP90AA1	17
IDH3A	17
IL12A	17
JAK1	17
PDHB	17
SMAD3	17
TCF7	17
CCL20	16
IFNB1	16
IL23A	16
LEF1	16
NDUFB5	16
NDUFS6	16
POLG	16
COX6C	15
CXCL8	15
IDH1	15
NDUFB4	15
PDK2	15
PRDM1	15
SIRT1	15
SUCLA2	15
TLR3	15
CCR5	14
CYC1	14
GZMH	14
ICOS	14
IFNA1	14
IL2RA	14
KIR2DL3	14
NDUFS5	14
PINK1	14
SOD3	14
TMEM119	14
ATP5F1E	13
IRF4	13
ISG15	13
NDUFB6	13
NDUFB7	13
NOS2	13
S100B	13
UQCRQ	13
VDAC1	13
CD79A	12
CD80	12
COX7A1	12
GPX3	12
IL22	12
MX1	12
NDUFA6	12
NKG7	12
SIRT3	12
ZAP70	12
ADRB2	11
BATF	11
ENTPD1	11
FLT1	11
KLRF1	11
MAPK1	11
NDUFA10	11
NDUFA8	11
OAS1	11
PAX5	11
SLC25A4	11
XBP1	11
AVP	10
CD163	10
CD79B	10
COX7C	10
CX3CL1	10
CXCL9	10
FOS	10
ICAM1	10
IL13	10
IL15	10
IL1RN	10
KLRB1	10
MAPK3	10
MFN2	10
NDUFA11	10
NDUFA7	10
PRDX5	10
SGK1	10
SUCLG1	10
UCP2	10
VCAM1	10
ACTB	9
CCR2	9
CD226	9
CSK	9
DNM1L	9
HLA-DQB1	9
HSPA1A	9
IFNA4	9
IGHG1	9
IL2RB	9
IRF8	9
ITGB7	9
JUN	9
LAMP1	9
LDHA	9
NCF1	9
NDUFB10	9
NDUFB9	9
PYCARD	9
TNFRSF1A	9
TOX2	9
TYROBP	9
VWF	9
ADRB1	8
B2M	8
COMT	8
CSF1	8
ESRRA	8
EZR	8
FCGR3B	8
IFIT1	8
IFNA7	8
IRAK4	8
IRF1	8
KDR	8
NFKB2	8
UQCRH	8
ADRA1A	7
APP	7
ATP5PB	7
CD74	7
DBH	7
DLD	7
EBF1	7
EDNRA	7
FKBP4	7
IFNA17	7
MFN1	7
MYC	7
NCF2	7
OCLN	7
OPA1	7
PRDX6	7
AVPR1A	6
BCL6	6
CD22	6
CD40	6
CD96	6
DDX58	6
GSTP1	6
HK2	6
HLA-C	6
HSD11B1	6
HSD11B2	6
ID2	6
IFNA10	6
IFNA21	6
IL1R1	6
IL7R	6
MAVS	6
MPO	6
MUC2	6
NDUFA13	6
NOD2	6
PECAM1	6
PKM	6
TAP1	6
TPH1	6
ADRA2A	5
AKT1	5
ATP5PD	5
ATP5PO	5
BCL2	5
CD2	5
CHRM3	5
COX7A2L	5
COX8A	5
CPT1A	5
FAS	5
FLT3	5
GPX2	5
GSTM1	5
HLA-A	5
HLA-B	5
HSPA1B	5
HTR1A	5
IDO1	5
IFIH1	5
IFNA6	5
IGHM	5
KLRC3	5
MAPK14	5
MTOR	5
NDUFA12	5
NDUFAB1	5
NOX4	5
P2RX7	5
PDCD1LG2	5
PRKAA1	5
PTGS2	5
RELB	5
SELE	5
STAT4	5
TJP1	5
TNFRSF1B	5
TRAF6	5
TXN2	5
TXNRD2	5
UQCR10	5
UQCR11	5
ZFPM1	5
AIM2	4
ATP5PF	4
CLDN1	4
CLDN5	4
CPT2	4
CXCL13	4
DLAT	4
GSDMD	4
HMGB1	4
HSP90AB1	4
IL5	4
IL7	4
JAK3	4
MAF	4
MAPK8	4
NDUFC1	4
NDUFV3	4
NFATC1	4
NR4A1	4
NR4A2	4
PFKM	4
PPARGC1B	4
PRKN	4
PTPRC	4
SELP	4
SERPINE1	4
SLC6A4	4
SOCS1	4
SOCS3	4
STING1	4
TDO2	4
TH	4
TNFRSF4	4
ACADVL	3
ACE	3
ARNTL	3
BAX	3
CCL11	3
CD70	3
CGAS	3
CLOCK	3
EGR1	3
FIS1	3
GZMM	3
HAAO	3
HIF1A	3
HK1	3
HTR2A	3
IDO2	3
IFIT3	3
IFNAR1	3
IFNGR1	3
IFNGR2	3
IGHG2	3
IGHG3	3
IKBKB	3
IL17F	3
IL18BP	3
IL6R	3
ITGAX	3
ITK	3
KIR3DL2	3
KLF2	3
KLRC4	3
KYNU	3
LDHB	3
LONP1	3
NDUFC2	3
NFATC2	3
NPY	3
NR4A3	3
PARK7	3
PC	3
PIK3CA	3
PLEKHA2	3
QPRT	3
RSAD2	3
S100A8	3
S100A9	3
SDC1	3
TAP2	3
THBD	3
TNFRSF13C	3
TNFSF10	3
TPH2	3
TRPM3	3
TYK2	3
UCP3	3
VIP	3
ZBTB7A	3
ACADM	2
ADA	2
AHR	2
AKAP1	2
ANGPT1	2
AQP4	2
ARG1	2
ATF3	2
ATP5MC1	2
ATP5MC2	2
ATP5MC3	2
ATP5MF	2
ATP6V1A	2
AVPR1B	2
B3GAT1	2
BATF2	2
BST2	2
CACNA1C	2
CD247	2
CHRM2	2
CHRM4	2
CHUK	2
COQ10A	2
COQ10B	2
COQ2	2
COQ7	2
CRHBP	2
CXCR5	2
DBI	2
DDC	2
DLST	2
EDNRB	2
ENO1	2
F3	2
FTL	2
GAPDH	2
HADHA	2
HADHB	2
HSPA4	2
HSPA5	2
HSPB1	2
ID3	2
IDH3B	2
IFNA2	2
IGHG4	2
IKZF2	2
IL10RA	2
IL10RB	2
IL6ST	2
ITGB1	2
ITGB2	2
JUND	2
KDM5A	2
KIR2DL4	2
KMO	2
LBP	2
MBP	2
ME2	2
MERTK	2
NOS1	2
NT5E	2
OAS2	2
PCK1	2
PER1	2
PER2	2
PPARA	2
RUNX3	2
SCN9A	2
SELL	2
SLC25A10	2
SLC6A2	2
SPI1	2
STAT5A	2
THBS1	2
TNFRSF13B	2
TNFRSF9	2
TRPV1	2
UCP1	2
USF2	2
VEGFB	2
VSIR	2
WASF3	2
XCL1	2
XCL2	2
ACACA	1
ACOX1	1
ADAMTS13	1
ADORA1	1
ADRB3	1
AGT	1
AICDA	1
ALDH1L1	1
ALDOA	1
ALOX5	1
APAF1	1
APOE	1
ATF2	1
ATP2B1	1
ATP6V1B1	1
ATP6V1B2	1
ATXN2L	1
BACH2	1
BAG1	1
BANK1	1
BCKDHA	1
BDNF	1
BHLHA15	1
BID	1
BLK	1
BNIP3	1
BNIP3L	1
C1QA	1
C3	1
CALCRL	1
CASP3	1
CASP8	1
CCR1	1
CD200	1
CD200R1	1
CD5	1
CD72	1
CD81	1
CDH1	1
CISH	1
COQ9	1
CORT	1
COX4I2	1
COX6A2	1
CPT1B	1
CREB1	1
CRP	1
CRY1	1
CTNNB1	1
CXCL1	1
CYP11A1	1
CYP17A1	1
CYP1A1	1
CYP2E1	1
DEFA5	1
DRD2	1
DUSP1	1
EBI3	1
ECHS1	1
EDN2	1
EPAS1	1
EPHX1	1
ETFA	1
EZH2	1
F2R	1
FADD	1
FASN	1
FGFBP2	1
FTH1	1
FUS	1
FXN	1
FYN	1
GAS6	1
GLS	1
GLUD1	1
GOT2	1
GPC5	1
GSTA1	1
GUCY1A1	1
HEXB	1
HINT1	1
HLA-DPA1	1
HLA-DQA1	1
HSF1	1
HTR3A	1
IFIT2	1
IFNAR2	1
IGHA1	1
IGHA2	1
IL1R2	1
IL22RA1	1
IL27	1
IL34	1
IL4R	1
ITGA2B	1
ITGAL	1
ITGB3	1
KIR2DS4	1
KIR3DL3	1
LAT	1
MAP2K1	1
MAP2K2	1
MAP3K7	1
MBIP	1
MDH1	1
MGST1	1
MIF	1
MLKL	1
MOG	1
MRC1	1
MTHFR	1
NCF4	1
NDUFAF1	1
NET1	1
NFKBIB	1
NOD1	1
NUDT1	1
OLIG2	1
OPTN	1
P2RX3	1
PCK2	1
PDE5A	1
PDP1	1
PDP2	1
PF4	1
PLAT	1
PLAU	1
PMAIP1	1
PMPCB	1
PPARG	1
PRKAA2	1
PROCR	1
PROS1	1
PSMA3	1
PSMA4	1
PSMB8	1
PSMC5	1
PTPN22	1
RAG1	1
RAG2	1
REG3A	1
REG3G	1
REL	1
RIPK2	1
RIPK3	1
RYR1	1
RYR2	1
S1PR5	1
SCN10A	1
SH2D1B	1
SIGMAR1	1
SIRPA	1
SIRT4	1
SLC11A2	1
SLC12A2	1
SLC1A2	1
SLC1A3	1
SLC25A1	1
SLC25A12	1
SLC25A13	1
SLC25A20	1
SLC25A3	1
SLC8A1	1
SPIB	1
SPP1	1
STAT2	1
STAT5B	1
STAT6	1
SUCLG2	1
TBK1	1
TCF3	1
TESPA1	1
TFB1M	1
TFB2M	1
TFRC	1
TGFBR1	1
TGFBR2	1
TGFBR3	1
TGM2	1
THEMIS	1
TICAM1	1
TLR5	1
TNFRSF10A	1
TNFRSF10B	1
TNFRSF17	1
TNFSF13	1
TNFSF13B	1
TNFSF4	1
TPI1	1
TPPP	1
TRPA1	1
TRPC3	1
TRPC6	1
TRPM2	1
TRPM7	1
TRPM8	1
VCP	1
VDAC2	1
VIM	1
VIPR1	1
ZBP1	1
ZEB2	1
