TNF	100
IFNG	98
IL1B	98
STAT1	98
CXCL10	95
IL6	94
IL10	93
TLR2	91
NLRP3	90
CCL2	89
TLR4	89
CD8A	88
IL12B	88
CD4	87
CXCL9	87
IL18	85
MMP9	85
IRF1	79
CD14	77
GBP5	77
CCL5	76
FCGR1A	76
IL17A	75
TGFB1	75
IL12A	71
IDO1	69
AIM2	67
IRF7	67
VEGFA	67
BATF2	66
CASP1	66
CD274	65
HIF1A	65
FCGR1B	64
JAK2	64
GBP1	63
IL23A	63
OAS1	62
NFKB1	59
SOCS3	59
MX1	58
IFIT3	57
CXCL11	56
NOD2	56
ISG15	55
CTLA4	54
SERPING1	54
ANKRD22	53
STAT3	53
ICAM1	52
MYD88	52
IFI44L	49
MMP1	49
IRF3	48
S100A8	48
CCR5	46
GBP2	46
S100A9	46
TNFRSF1A	45
JAK1	44
SOCS1	44
NOS2	43
PDCD1	43
OAS2	42
RELA	42
LCN2	41
IFIT1	40
GZMB	39
IFIT2	39
IL22	39
OAS3	39
TNFRSF1B	39
HP	38
CD163	37
IL2	37
LCK	37
CAMP	36
RSAD2	36
APOL1	35
CD40	35
STAT4	35
TAP1	35
TLR9	35
CCR2	34
CD3E	34
HLA-DRA	34
CD19	33
IFI44	33
SPP1	33
CRP	32
IL1R1	32
IFNGR1	31
IL15	31
IRF8	31
VCAM1	31
IL1RN	30
MAPK14	30
PRF1	30
HMOX1	29
IFITM3	29
IL1A	29
IL4	29
CIITA	28
HLA-DRB1	28
SERPINE1	28
SOD2	27
CD68	26
IL7R	26
IRAK4	26
LDHA	26
MARCO	26
MRC1	26
PTGS2	26
TIMP2	26
CARD17	25
CCL4	25
CD86	25
MAPK1	25
WARS1	25
ETV7	24
ARG1	23
CXCL13	23
FASLG	23
MX2	23
BCL2	22
CXCL8	22
GBP4	22
HK2	22
IL13	22
ITGAX	22
NFKBIA	22
PPARG	22
CARD16	21
FN1	21
HERC5	21
IFI16	21
IFI6	21
ITGAM	21
NFKB2	21
S100A12	21
TRAF6	21
ZAP70	21
CASP3	20
CCL3	20
CD80	20
EPSTI1	20
FCGR3A	20
IFI27	20
IFIH1	20
IFNGR2	20
MPO	20
SLC2A1	20
COL1A1	19
GZMA	19
IL27	19
IL2RA	19
MMP2	19
OASL	19
C1QB	18
CD28	18
DEFA1	18
DEFB1	18
ELANE	18
F3	18
MAPK8	18
NLRC4	18
SIGLEC1	18
TBX21	18
TGFBR1	18
FAS	17
GATA3	17
IL6R	17
IL7	17
VWF	17
APOL6	16
C1QA	16
CPT1A	16
STAT2	16
UBE2L6	16
VEGFB	16
BAX	15
C3	15
CCL8	15
CD209	15
CD38	15
CD3D	15
CLEC4E	15
IFNAR1	15
LAG3	15
PDK1	15
PLAU	15
RORC	15
SELP	15
TREM1	15
IFITM1	14
IL21	14
ITGB2	14
MAPK3	14
PDGFB	14
SAMD9L	14
VEGFC	14
B2M	13
CD177	13
CD27	13
CMPK2	13
DDX58	13
FCGR2A	13
HMGB1	13
LTA	13
PDCD1LG2	13
SAA1	13
TNFSF10	13
TYK2	13
CCR7	12
CD3G	12
GNLY	12
LAMP3	12
LY6E	12
NPPB	12
PDGFA	12
PSMB9	12
SELE	12
BDNF	11
BPI	11
C1QC	11
CCL11	11
CR1	11
CXCR4	11
EPAS1	11
HERC6	11
ICOS	11
IFITM2	11
IL10RA	11
LTF	11
PKM	11
TGFBR2	11
TRIM22	11
ANGPT1	10
ATG5	10
CASP5	10
FASN	10
FBXO6	10
FGF2	10
GPX1	10
HAVCR2	10
IFI35	10
IFNAR2	10
IKBKB	10
IL32	10
IRGM	10
PARP9	10
PSMB8	10
TNFSF13B	10
ANGPT2	9
CASP8	9
CCL19	9
CCL23	9
CCL7	9
CD69	9
FOS	9
IFNB1	9
ITGB3	9
JUN	9
KDR	9
PLAT	9
SELL	9
TNFAIP6	9
APOE	8
BECN1	8
CAT	8
CEBPB	8
CLEC4D	8
F2	8
FCGR3B	8
FLT1	8
GCH1	8
IFNA1	8
IL10RB	8
IL18BP	8
MSR1	8
NCF1	8
NGF	8
PFKFB3	8
PPARA	8
RELB	8
SLC2A3	8
SMAD3	8
TEK	8
TGFB2	8
AKT1	7
APOL4	7
BATF	7
CD36	7
CLEC7A	7
CTSG	7
CXCL1	7
CXCL2	7
DEFA3	7
DEFB4A	7
DHX58	7
EDN1	7
FCGR2B	7
FGA	7
GFAP	7
IFIT5	7
IL6ST	7
ITGB1	7
LBP	7
SLAMF7	7
SMAD4	7
ALOX5	6
APOBEC3A	6
BCL6	6
CD79A	6
CD8B	6
CSF2	6
EIF2AK2	6
F7	6
FCN1	6
FPR1	6
HLA-DQB1	6
IL12RB1	6
IL15RA	6
IL18R1	6
IL5	6
KLRK1	6
LILRA5	6
LYZ	6
MMP8	6
MS4A1	6
MS4A4A	6
NCF2	6
NOS3	6
PLAUR	6
PPARGC1A	6
PRDM1	6
PROC	6
PROS1	6
RIPK2	6
SREBF1	6
TAP2	6
TFPI	6
TNFRSF10A	6
TNNT2	6
TRAFD1	6
XAF1	6
BST2	5
C5	5
CASP4	5
CCL21	5
CEACAM1	5
COL3A1	5
CTSD	5
CXCL5	5
DDX60	5
EGF	5
EOMES	5
HK1	5
HLA-A	5
IL1R2	5
IL2RB	5
IRF9	5
ITGAV	5
LILRB2	5
MMP3	5
MT2A	5
MTOR	5
NFE2L2	5
ORM1	5
PDGFRA	5
PDGFRB	5
PTPRC	5
PTX3	5
PYCARD	5
RAB7A	5
RTP4	5
S100B	5
SERPINC1	5
SMAD7	5
TIGIT	5
TLR1	5
TP53	5
TREM2	5
VAMP5	5
ACOX1	4
APCS	4
CCL20	4
CD44	4
CFH	4
COL1A2	4
CSF1	4
CTSS	4
DEFA4	4
F10	4
F5	4
FOXO3	4
FPR2	4
GBP6	4
GDNF	4
HLA-B	4
HLA-DQA1	4
HPR	4
IDH1	4
IFNA2	4
IL12RB2	4
IRAK3	4
ISG20	4
ITGA2B	4
ITGAL	4
LAP3	4
LDHB	4
LGALS9	4
LILRB4	4
LTB	4
MMP12	4
NAMPT	4
NGFR	4
PFKP	4
PLSCR1	4
PRDX1	4
PSME2	4
RAB5A	4
RUNX3	4
SCARF1	4
SLC11A1	4
SLPI	4
SQSTM1	4
THBD	4
USP18	4
ZBP1	4
APOA1	3
APOB	3
ARG2	3
ARNT	3
ATG7	3
CALCA	3
CD247	3
CD74	3
CD79B	3
CEACAM8	3
CFB	3
CREB1	3
CSF3	3
CX3CL1	3
CX3CR1	3
DHRS9	3
DTX3L	3
DUSP3	3
EGFR	3
FABP4	3
FLT4	3
FTH1	3
FTL	3
GZMH	3
GZMK	3
HLA-C	3
HMGCR	3
HSPA1A	3
IGFBP3	3
IL17F	3
IL17RA	3
IL37	3
ITK	3
LILRB1	3
LTA4H	3
LYN	3
MAP1LC3B	3
MIF	3
NCF4	3
NPC2	3
NPPA	3
NTRK1	3
PARP1	3
PARP14	3
PECAM1	3
PIK3CA	3
PLAC8	3
PRKAA1	3
PROCR	3
PSME1	3
RIPK3	3
SAA2	3
SERPINA3	3
SLAMF8	3
SMAD2	3
THBS1	3
TNFRSF17	3
TYROBP	3
VDR	3
ABCA1	2
ACACA	2
ACADM	2
ACADVL	2
ACE	2
ACLY	2
ACSL1	2
ADM	2
AGTR1	2
ANXA1	2
APOBEC3G	2
APOL3	2
APP	2
ATF2	2
AZU1	2
BID	2
BMP2	2
BMPR1A	2
CARD9	2
CCL1	2
CCL17	2
CD1A	2
CD1C	2
CD1D	2
CD55	2
CEACAM6	2
CLEC5A	2
COL4A1	2
CPT2	2
CTSB	2
CTSL	2
CTSZ	2
CXCL3	2
CXCR2	2
CXCR5	2
CYBA	2
DEFA1B	2
DUSP1	2
EBI3	2
EGR1	2
ENG	2
FGB	2
FGFR1	2
FGG	2
GAPDH	2
GLS	2
GPR84	2
HADHA	2
HCK	2
HLA-DPA1	2
HLA-DPB1	2
HLA-E	2
ICOSLG	2
IDH2	2
IFI30	2
IGF1	2
IGHA1	2
IGHG1	2
IGHM	2
IL18RAP	2
IL1RAP	2
IL21R	2
IL23R	2
IRF4	2
ITGA4	2
JAK3	2
KEAP1	2
KLF4	2
KLRD1	2
LAT	2
LEP	2
LRG1	2
MAP1LC3A	2
MAP3K7	2
MAPT	2
MBL2	2
MBP	2
MCL1	2
MRC2	2
MS4A6A	2
MYH7	2
NFATC1	2
NFKBIB	2
NMI	2
NOD1	2
NTRK2	2
OLFM4	2
P2RX7	2
PGLYRP1	2
PIK3CB	2
PSTPIP2	2
PTGER4	2
RAB11A	2
RAB20	2
SAMD9	2
SAMHD1	2
SCD	2
SERPIND1	2
SIRT1	2
SLC1A3	2
SP110	2
SP140	2
STAT5A	2
TBK1	2
TFRC	2
TICAM1	2
TMEM140	2
TNFAIP3	2
TNFRSF10B	2
TRIM25	2
TXN	2
A2M	1
ACAT1	1
ACAT2	1
ACO2	1
ACP5	1
ACTA2	1
ADA	1
ADAM17	1
ADIPOQ	1
AGT	1
AHR	1
AKT2	1
ANG	1
ANXA5	1
APOC3	1
APOL2	1
AQP9	1
AREG	1
ATF3	1
BACH2	1
BATF3	1
BCL10	1
BCL11B	1
BCL2L1	1
BCL2L11	1
BMP4	1
BMPR2	1
BPGM	1
BTLA	1
BTN3A1	1
BTN3A2	1
BTN3A3	1
C2	1
C3AR1	1
C4A	1
C4B	1
C4BPA	1
C5AR1	1
C6	1
C7	1
C8A	1
C8B	1
C8G	1
C9	1
CALCB	1
CARD18	1
CARD6	1
CASP10	1
CASP9	1
CAV1	1
CCL22	1
CCR1	1
CD1B	1
CD1E	1
CD200	1
CD22	1
CD34	1
CD59	1
CD83	1
CDH5	1
CETP	1
CGAS	1
CH25H	1
CLDN5	1
CLU	1
CNP	1
COX4I1	1
COX5A	1
CTNNB1	1
CXCL12	1
CXCL16	1
CXCR1	1
DEFB103B	1
DRAM1	1
EDNRA	1
EDNRB	1
ENO2	1
FABP5	1
FCER1A	1
FCER1G	1
FCGRT	1
FOLR3	1
FOXO1	1
FYN	1
GABRA1	1
GAP43	1
GFI1	1
GPT2	1
GRIN1	1
GSDMD	1
GSR	1
GYG1	1
HAMP	1
HAPLN3	1
HDAC1	1
HDAC2	1
HES1	1
HESX1	1
HLA-F	1
HSP90AA1	1
HSPA1B	1
HSPA5	1
HSPD1	1
HSPH1	1
ID3	1
IFNLR1	1
IGKC	1
IGLC1	1
IKBKE	1
IKZF3	1
IL4I1	1
IL4R	1
IRF5	1
ITGA1	1
ITGA5	1
ITGB5	1
JAG1	1
KIR2DL1	1
LAMP1	1
LDLR	1
LEF1	1
LEPR	1
LGALS3BP	1
LGALS8	1
LIF	1
LOX	1
LOXL2	1
LPA	1
LPCAT1	1
LPCAT2	1
LPL	1
LRRK2	1
LTBR	1
LY96	1
MAFB	1
MALT1	1
MAPK9	1
MDH1	1
MDM2	1
MERTK	1
METTL7B	1
MLKL	1
MLXIPL	1
MMP7	1
MS4A7	1
MST1R	1
MT1G	1
NCR1	1
NEXN	1
NFATC2	1
NFIL3	1
NKG7	1
NR1H3	1
NR4A1	1
NRP1	1
NRP2	1
NTF3	1
OCLN	1
OSM	1
PARP10	1
PARP12	1
PCNA	1
PDGFC	1
PDHX	1
PF4	1
PFKL	1
PI3	1
PIAS1	1
PIK3C3	1
PLA2G2A	1
PLA2G7	1
PLG	1
PML	1
POMC	1
PPP1R15A	1
PRKAA2	1
PROM1	1
PRTN3	1
PSMB10	1
PTEN	1
PTK2B	1
PTPN2	1
PTPN22	1
RAB13	1
RAB33B	1
RETN	1
RIPK1	1
RNF213	1
RUFY4	1
RUNX1	1
S100P	1
SDC4	1
SDHA	1
SDHB	1
SDHC	1
SDHD	1
SEC61A1	1
SEC61B	1
SEC61G	1
SECTM1	1
SEPTIN4	1
SERPINA1	1
SERPINH1	1
SHISA5	1
SIGLEC14	1
SIGLEC5	1
SLC16A1	1
SLC1A2	1
SLC25A20	1
SLC2A4	1
SLC6A4	1
SNCA	1
SOD1	1
SP100	1
SPATS2L	1
SPI1	1
SRGN	1
STAT5B	1
STAT6	1
STING1	1
TCF7	1
TFEB	1
TFEC	1
TIFA	1
TJP1	1
TLR3	1
TMCC1	1
TMCC2	1
TMEM91	1
TNFAIP2	1
TNFRSF10C	1
TNFRSF10D	1
TNNI3	1
TPMT	1
TRADD	1
TRAF2	1
TRIM21	1
TRIM5	1
TRIM56	1
TTR	1
TUBB3	1
TYMP	1
UBA7	1
UCP2	1
ULBP1	1
ULBP2	1
UQCRC1	1
UQCRC2	1
VCAN	1
VIM	1
VLDLR	1
VPS33B	1
VPS35	1
VSIR	1
ZNF683	1
