STAT1	86
IL1B	81
CXCL10	79
IRF1	77
GBP5	76
TNF	76
TLR4	75
IL6	74
CCL2	73
TLR2	73
FCGR1A	70
CD4	69
CXCL9	68
BATF2	67
GBP1	65
IFIT3	65
IFNG	64
FCGR1B	62
NLRP3	62
CD8A	61
IL10	60
IRF7	60
CASP1	59
CCL5	59
IL18	59
GBP2	56
IFIT2	56
IL12B	56
OAS1	56
SERPING1	55
IFITM3	54
ANKRD22	49
CD14	48
NOD2	48
JAK2	46
MX1	46
GBP4	45
CD274	44
IL23A	44
OAS2	44
OAS3	44
IFIT1	43
AIM2	42
ISG15	42
TAP1	42
C1QB	41
CXCL11	41
IL17A	40
GZMA	39
IDO1	39
CD3E	37
IL12A	37
MARCO	37
IFI44L	36
KLF2	36
DUSP3	35
IRF3	35
PTPRC	35
IFITM1	34
IFI44	33
STAT2	33
NEMF	32
DHX29	31
GBP6	31
JAK1	30
SCARF1	30
CTLA4	29
SOCS3	29
APOL1	28
CD163	28
GZMB	28
IL22	28
PDCD1	28
CD3D	27
IFNGR1	27
MPO	27
TLR1	27
TLR9	27
TNFRSF1A	27
CD3G	26
IFITM2	26
VAMP5	26
C1QC	25
IL15	25
IRF8	25
S100A8	25
S100A9	25
TGFB1	25
UBE2L6	25
ELANE	24
LCN2	24
MX2	24
NLRC4	24
TNFRSF1B	24
CARD17	23
CCL8	23
CCR5	23
CD19	23
CD68	23
IL15RA	23
STAT3	23
CAMP	22
CD38	22
IFI35	22
IFNGR2	22
IL2	22
IRF9	22
LASP1	22
LCK	22
SOCS1	22
CD80	21
FCGR3A	21
HLA-DRB1	21
HLA-DRB5	21
NFKB1	21
PRF1	21
TRAFD1	21
HP	20
IFI16	20
IFI27	20
IL4	20
MMP9	20
RETN	20
CD40	19
HLA-DRA	19
MSR1	19
RSAD2	19
SOS1	19
CCL4	18
CD28	18
CD8B	18
CFH	18
CTSG	18
MAPK14	18
MRC1	18
P2RY14	18
STAT4	18
ZNF296	18
C1QA	17
CARD16	17
CCL3	17
DYSF	17
EPSTI1	17
ETV7	17
FASLG	17
IFI6	17
IFIH1	17
IFIT5	17
IL2RA	17
LAP3	17
NOS2	17
PCBP1	17
SHC1	17
ARG1	16
BNIP3L	16
CASP8	16
CD86	16
DPM1	16
HLA-B	16
IL12RB2	16
IL1A	16
IL1R1	16
IL32	16
KLF6	16
LCN10	16
SCYL3	16
BAX	15
BCL2	15
CCL7	15
IL20RA	15
IL7	15
MYD88	15
OASL	15
TYK2	15
ZAP70	15
C1orf112	14
CASP5	14
CXCL13	14
FCGR2A	14
FCGR2B	14
ID3	14
IL2RB	14
LAG3	14
NFKB2	14
TAP2	14
CASP10	13
CASP4	13
CCR2	13
DEFA4	13
FGR	13
FUCA2	13
GAS6	13
GBP7	13
GCLC	13
IL17RB	13
IL1RN	13
IL4R	13
NFYA	13
NOD1	13
TNFSF10	13
ANKIB1	12
CASP3	12
CD22	12
CD44	12
CFTR	12
CYP51A1	12
DEFB1	12
FCGR3B	12
HERC5	12
ICOS	12
IFNAR1	12
IL10RA	12
IL7R	12
MAPK1	12
SAMD9L	12
SEMA3F	12
STPG1	12
ATG5	11
BAD	11
CD209	11
CD27	11
CD79B	11
CLEC4E	11
DEFB4A	11
ENPP4	11
FAS	11
GATA3	11
GNLY	11
IL11	11
IL12RB1	11
IL27	11
IL5RA	11
KRIT1	11
NIPAL3	11
RAB20	11
TBX21	11
TIMP2	11
AZU1	10
BLK	10
CCL19	10
CD74	10
CIITA	10
CR1	10
DEFA1	10
HS3ST1	10
ICAM1	10
IFNAR2	10
IL13	10
IL27RA	10
INSL3	10
ISG20	10
LTF	10
MYH16	10
RAD52	10
RELA	10
TNFRSF12A	10
TRIM22	10
AOC1	9
C2	9
C3	9
CXCL2	9
FBXO6	9
HECW1	9
HLA-A	9
IFI27L1	9
IL18BP	9
IL1R2	9
IL5	9
IRF5	9
LTA	9
MAD1L1	9
MAPK3	9
NFKBIA	9
PSMB9	9
RORC	9
SFTPB	9
SFTPC	9
SOD2	9
TAPBP	9
TNFAIP6	9
WNT16	9
CCL26	8
CCR7	8
CD6	8
CD79A	8
CFLAR	8
CLEC4D	8
CYP26B1	8
DEFA3	8
EIF2AK2	8
HLA-C	8
HLA-DQB1	8
IL17F	8
IL21	8
IL21R	8
IRAK4	8
ITGAX	8
LYZ	8
MAPK8	8
PARP9	8
PDCD1LG2	8
SFTPA1	8
SFTPA2	8
TNFRSF17	8
TNFRSF9	8
AK2	7
ALS2	7
APOL6	7
ARF5	7
BECN1	7
BPI	7
C5	7
CAMKK1	7
CCL22	7
CD9	7
CEACAM1	7
CLEC7A	7
CTSD	7
DBNDD1	7
FKBP4	7
FPR1	7
HLA-DQA1	7
ICA1	7
IFNB1	7
IL1RL1	7
IL4I1	7
IL6ST	7
IRGM	7
ITGAL	7
ITGAM	7
ITGB2	7
KDM1A	7
LYN	7
M6PR	7
MTMR7	7
NDUFAF7	7
PLXND1	7
POLDIP2	7
PSME2	7
PYCARD	7
RAB24	7
RBM5	7
RBM6	7
RECQL	7
S100A12	7
SARM1	7
SELL	7
SLC34A2	7
SLC7A2	7
SNX11	7
TFPI	7
TLR5	7
TLR6	7
TMEM176A	7
TNFRSF10A	7
TNFRSF10B	7
TNFSF13B	7
TRAF6	7
TRIM25	7
VPS50	7
ARHGAP33	6
CAT	6
CCL11	6
CCL20	6
CCL23	6
CD200	6
CD36	6
CD52	6
CD55	6
CD84	6
CDC27	6
CFB	6
CXCL1	6
CXCL8	6
ERG	6
GZMK	6
HERC6	6
HSPB6	6
IFI30	6
IFNLR1	6
IL10RB	6
IL18R1	6
IL18RAP	6
IL1RAP	6
IL1RL2	6
IL24	6
IL26	6
IL33	6
IL36RN	6
IL6R	6
LAMP1	6
LY6E	6
NCF1	6
NDUFAB1	6
PDK4	6
PSMB8	6
S100A11	6
TIGIT	6
TNFAIP3	6
TNFSF14	6
VCAM1	6
VDR	6
APOC1	5
CCL1	5
CCL17	5
CD177	5
CD1C	5
CD59	5
CD69	5
CDH1	5
CMPK2	5
CRP	5
HLA-DPA1	5
HLA-DPB1	5
IL11RA	5
IL17B	5
IL17C	5
IL36G	5
IL37	5
IL9	5
IRF2	5
LAMP3	5
MAP1LC3B	5
METTL7B	5
MMP8	5
NCF2	5
NCF4	5
PLSCR1	5
PRDM1	5
RELB	5
SIGLEC1	5
SLC22A16	5
TICAM1	5
TNFRSF21	5
ADM	4
APOBEC3A	4
ATP10A	4
B2M	4
C4A	4
CCL3-AS1	4
CD5L	4
CD82	4
CDC14B	4
CDK11A	4
CDK13	4
CDKL3	4
COMP	4
CTSL	4
FYN	4
GZMH	4
HIF1A	4
HMOX1	4
IFNA1	4
IFNA14	4
IFNA16	4
IFNA21	4
IFNNP1	4
IFNWP5	4
IL17RC	4
IL17RD	4
IL17RE	4
IL1F10	4
IL31RA	4
IL36A	4
IRAK3	4
LPCAT2	4
LTB	4
LUM	4
LY96	4
MCEMP1	4
NFATC1	4
NLRP2	4
PEPD	4
QSOX1	4
RAB5A	4
RAB7A	4
RTP4	4
SDR39U1	4
SELP	4
SLAMF8	4
STAT5A	4
TGFBR2	4
TNFRSF11A	4
TNFRSF19	4
TNFRSF8	4
TNXB	4
TREM1	4
TUBGCP6	4
VEGFA	4
ABCB5	3
ALOX5	3
ATG7	3
BATF	3
BCL6	3
BCLAF1	3
BID	3
C3AR1	3
C4B	3
CALCOCO2	3
CALCR	3
CCDC88C	3
CCL13	3
CCL18	3
CD2BP2	3
CD300C	3
CDC7	3
CDKN1A	3
CREBBP	3
CRLF1	3
CROT	3
CTSB	3
CXCL12	3
CXCL14	3
CYP24A1	3
DDX58	3
DHRS9	3
DHX58	3
GBP1P1	3
GBP3	3
GCH1	3
GPR84	3
GPX1	3
HAVCR2	3
HOOK1	3
ICOSLG	3
IFNA10	3
IFNA13	3
IFNA17	3
IFNA2	3
IFNA20P	3
IFNWP18	3
IFNWP4	3
IFNWP9	3
IL12A-AS1	3
IL19	3
IL20	3
IL20RB	3
IL20RB-AS1	3
IL21R-AS1	3
IL22RA1	3
IL22RA2	3
IL23R	3
IL25	3
IL36B	3
IL6R-AS1	3
IL6RP1	3
IL6STP1	3
IL9RP1	3
IL9RP2	3
IL9RP3	3
IRF4	3
JAK3	3
KLRD1	3
KLRK1	3
LHFPL2	3
LILRA6	3
LILRB4	3
MBL2	3
NAIP	3
NCF1C	3
NCR1	3
OLFM4	3
PF4V1	3
PGLYRP1	3
PRSS22	3
PSME1	3
PTCD2	3
PTGDR2	3
RAB13	3
RTEL1-TNFRSF6B	3
SECTM1	3
SKAP2	3
SLC11A1	3
SLC25A13	3
SOD1	3
SP110	3
SQSTM1	3
ST7	3
TAF10	3
TAGAP	3
TMEM140	3
TNFAIP1	3
TNFAIP8	3
TNFRSF10A-AS1	3
TNFRSF11B	3
TNFRSF14	3
TNFRSF25	3
TNFSF11	3
TNFSF18	3
TRIM5	3
TRMT2A	3
UPF1	3
WARS1	3
XAF1	3
ZMYND10	3
5_8S_rRNA	2
5S_rRNA	2
7SK	2
AGER	2
AIRE	2
AKT1	2
ANO9	2
APCDD1L	2
APOBEC3G	2
APOE	2
APOL4	2
ASGR1	2
ATG12	2
ATP1A1	2
BANK1	2
BCL2L1	2
BCL3	2
BST2	2
CARMIL1	2
CASP9	2
CCDC124	2
CCDC28A	2
CCDC88A	2
CCL21	2
CCL24	2
CCL28	2
CCL3L1	2
CCL4L2	2
CCR6	2
CCRL2	2
CD200R1	2
CD247	2
CD276	2
CD320	2
CD33	2
CD37	2
CD46P1	2
CD48	2
CD53	2
CD63	2
CD83P1	2
CD96	2
CDC14A	2
CDC23	2
CDC25A	2
CDC25C	2
CDC42	2
CDC73	2
CDCA4P4	2
CDH10	2
CDH17	2
CDH3	2
CDH7	2
CDHR2	2
CDHR5	2
CDIP1	2
CDIPT	2
CDK14	2
CDK17	2
CDK5R1	2
CDKAL1	2
CDKN1B	2
CDKN2A	2
CDKN3	2
CDON	2
CDRT15	2
CDRT15P13	2
CDV3	2
CEACAM8	2
CEBPB	2
CRAMP1	2
CREB3L3	2
CREM	2
CROCC	2
CRY1	2
CXCL16	2
CXCL1P1	2
CXCL3	2
CXCL6	2
CXCR5	2
CYP27B1	2
DARS2	2
DEFA1B	2
DOCK9	2
DVL2	2
EOMES	2
EXOC2	2
FCGBP	2
FCN1	2
FCRL2	2
FOS	2
FOXO3	2
FPR2	2
FTH1	2
FTL	2
GADD45B	2
GPI	2
HAMP	2
HBA1	2
HBA2	2
HLA-DMA	2
HLA-DMB	2
HLA-G	2
HOXA11	2
IFNA11P	2
IFNA12P	2
IFNA22P	2
IFNA4	2
IFNA5	2
IFNA6	2
IFNA8	2
IFNE	2
IFNG-AS1	2
IFNL3P1	2
IFNL4P1	2
IFNW1	2
IFNWP15	2
IFNWP19	2
IFNWP2	2
IKBKB	2
IL10RB-DT	2
IL16	2
IL17RA	2
IL17REL	2
IL1R1-AS1	2
IL21-AS1	2
IL3	2
IL34	2
IL6-AS1	2
ILDR1	2
ILF3	2
ILKAP	2
ILRUNP1	2
ILVBL	2
ILVBL-AS1	2
IRF1-AS1	2
IRF2BP1	2
IRF2BP2	2
IRF2BPL	2
IRF6	2
ITGA2B	2
ITGA3	2
ITK	2
JUN	2
KCNJ15	2
KLF12	2
KLRB1	2
LBP	2
LMCD1-AS1	2
LNCDAT	2
LTA4H	2
MAFB	2
MCUB	2
MERTK	2
MIEF2	2
MMP1	2
MMP25	2
MS4A1	2
MS4A4A	2
MXD1	2
NCAM1	2
NCDN	2
NCR2	2
NCR3	2
NDRG2	2
NFKBIB	2
NLRP1	2
NPC2	2
NUDCD3	2
PARP1	2
PARP14	2
PCDH1	2
PLCG1	2
PPARG	2
PPIL2	2
PTGS2	2
RAB11A	2
RABGAP1	2
RAC1	2
RAC2	2
RILP	2
RIPK2	2
RP5-916O11.2	2
RTKN2	2
RUNX3	2
SAA1	2
SAMHD1	2
SELE	2
SFTPD	2
SLC30A9	2
SLC39A9	2
SLC40A1	2
SLC4A1	2
SLPI	2
SPI1	2
SYK	2
TBCD	2
TF	2
TFRC	2
TGFBI	2
TGFBR1	2
THRIL	2
TNFAIP2	2
TNFAIP8L1	2
TNFRSF10C	2
TNFRSF10D	2
TNFRSF13B	2
TNFRSF13C	2
TNFRSF14-AS1	2
TNFRSF18	2
TNFRSF4	2
TNFRSF6B	2
TNFSF12-TNFSF13	2
TNFSF4	2
TNFSF8	2
TNFSF9	2
TRAF3IP3	2
TREM2	2
TRIM14	2
XXbac-BPGBPG24O18.1	2
XXbac-BPGBPG34I8.4	2
Y_RNA	2
ABCB4	1
ABCD1P2	1
ABCD1P3	1
ABCD4	1
AC002398.13	1
AC002519.6	1
AC005618.6	1
AC006947.1	1
AC009237.17	1
AC009238.7	1
AC009495.3	1
AC010226.4	1
AC017053.1	1
AC018643.4	1
AC023271.1	1
AC069213.4	1
AC092580.1	1
AC092755.4	1
AC098820.4	1
ACSL1	1
ACSM3	1
ACSM5	1
ACTB	1
ADAR	1
ADH1C	1
ADIRF	1
ADIRF-AS1	1
AF130248.1	1
AHCYL2	1
AHRR	1
AIF1	1
AIPL1	1
AKT3	1
ALDH1A1	1
ALOX12P2	1
ANKRD30BP2	1
ANKRD62P1-PARP4P3	1
AOPEP	1
AP000275.64	1
AP000436.4	1
AP000688.29	1
AP001056.1	1
AP001062.9	1
AP001476.2	1
AP005901.1	1
AP006621.6	1
AQP9	1
ARAP1	1
AREG	1
ARHGAP27P1-BPTFP1-KPNA2P3	1
ASB4	1
ATF3	1
ATF7-NPFF	1
ATG12P1	1
ATG16L1	1
ATG2B	1
ATP1A4	1
ATP2A3	1
ATP5MGP6	1
ATP5PBP6	1
ATP5PBP7	1
ATP6V0C	1
ATP6V0D1	1
ATP6V1A	1
ATP6V1B2	1
AXL	1
BAK1	1
BATF3	1
BCAT1	1
BCDIN3D-AS1	1
BCL2L13	1
BCL6-AS1	1
BCL7C	1
BCL9	1
BCL9P1	1
BCLAF1P1	1
BECN1P2	1
BICD1	1
BICDL2	1
BICRA	1
BIRC3	1
BRSK1	1
BTLA	1
BUD31P1	1
C1QTNF3	1
C1QTNF3-AMACR	1
C1QTNF7-AS1	1
C20orf181	1
C2CD4B	1
C2CD4C	1
C2CD4D	1
C2CD4D-AS1	1
C3orf20	1
C5AR1	1
C5orf17	1
CACNA1H	1
CADM1	1
CALCOCO1	1
CALCRL	1
CAMSAP3	1
CAMTA2-AS1	1
CARD10	1
CARD11	1
CARD9	1
CASP14	1
CASP1P2	1
CASP7	1
CCDC136	1
CCDC146	1
CCDC15-DT	1
CCDC152	1
CCDC153	1
CCDC183-AS1	1
CCDC198	1
CCDC25	1
CCDC39	1
CCDC40	1
CCDC51	1
CCDC59	1
CCDC74A	1
CCDC75P1	1
CCDC81	1
CCDC82	1
CCDC85A	1
CCDC85C	1
CCDC97	1
CCL14	1
CCL15	1
CCL15-CCL14	1
CCL16	1
CCL25	1
CCL27	1
CCR1	1
CCR3	1
CCR4	1
CD1B	1
CD1D	1
CD2	1
CD200R1L	1
CD207	1
CD226	1
CD24P1	1
CD24P2	1
CD2AP	1
CD300A	1
CD300E	1
CD300H	1
CD302	1
CD34	1
CD44-AS1	1
CD46	1
CD47	1
CD5	1
CD70	1
CD72	1
CD81	1
CD81-AS1	1
CD8B2	1
CDADC1	1
CDC123	1
CDC14C	1
CDC16	1
CDC20	1
CDC20B	1
CDC25B	1
CDC27P1	1
CDC34	1
CDC37L1-DT	1
CDC37P1	1
CDC42-IT1	1
CDC42BPB	1
CDC42EP1	1
CDC42P2	1
CDC42P3	1
CDC42SE1	1
CDC42SE2	1
CDC45	1
CDC5L	1
CDC6	1
CDCA4	1
CDCA7L	1
CDCP1	1
CDH12P2	1
CDH12P4	1
CDH19	1
CDH20	1
CDH22	1
CDH5	1
CDK1	1
CDK10	1
CDK11B	1
CDK15	1
CDK18	1
CDK2AP1	1
CDK4	1
CDK4P1	1
CDK5P1	1
CDK5R2	1
CDK5RAP1	1
CDK6-AS1	1
CDK7P1	1
CDK8	1
CDK8P1	1
CDK8P2	1
CDKL1	1
CDKL2	1
CDKN1C	1
CDKN2A-DT	1
CDKN2AIPNL	1
CDKN2AIPNLP1	1
CDKN2AIPNLP2	1
CDKN2AIPNLP3	1
CDKN2B	1
CDKN2C	1
CDKN2D	1
CDPF1P1	1
CDR1	1
CDR2-DT	1
CDRT15P14	1
CDRT15P2	1
CDRT15P3	1
CDRT15P4	1
CDRT15P5	1
CDRT15P6	1
CDRT15P7	1
CDRT8	1
CDV3P1	1
CDYL-AS1	1
CDYLP1	1
CEACAM6	1
CEBPD	1
CELSR3	1
CEMIP	1
CENPS	1
CFD	1
CFHR2	1
CFHR5	1
CFI	1
CGAS	1
CH17-262O2.4	1
CH507-513H4.8	1
CHURC1-FNTB	1
CIAPIN1	1
CISH	1
CLCA2	1
CLEC4A	1
CLUAP1	1
CMTM4	1
CNDP2	1
CNOT9	1
COASY	1
COILP1	1
COL1A1	1
COL1A2	1
COL6A6	1
COPZ2	1
CoTC_ribozyme	1
CPEB3_ribozyme	1
CPLANE2	1
CPT1A	1
CRAT	1
CRISP3	1
CRKL	1
CRLS1	1
CRMP1	1
CROCCP3	1
CRTAC1	1
CRYBB1	1
CRYBB2P1	1
CRYBB3	1
CRYBG3	1
CSF1	1
CSF1R	1
CSF2	1
CSF3	1
CSF3R	1
CST5	1
CTB-1048E9.7	1
CTB-113P19.3	1
CTB-113P19.4	1
CTB-113P19.5	1
CTB-113P19.6	1
CTB-118P15.2	1
CTB-118P15.3	1
CTB-129P6.11	1
CTB-136N17.1	1
CTB-139P11.2	1
CTB-147N14.4	1
CTB-147N14.6	1
CTB-147N14.7	1
CTB-159G17.3	1
CTB-159G17.4	1
CTB-161M19.1	1
CTB-161M19.2	1
CTB-161M19.4	1
CTB-171P15.2	1
CTB-174O21.2	1
CTB-178M22.1	1
CTB-178M22.2	1
CTB-191K22.6	1
CTB-193M12.3	1
CTB-193M12.5	1
CTB-47B11.3	1
CTB-50L17.16	1
CTC-448F2.4	1
CTC-457E21.9	1
CTC-467M3.2	1
CTD-2309H9.3	1
CTD-2576D5.4	1
CTSS	1
CX3CR1	1
CXCL17	1
CXCL5	1
CXCR1	1
CXCR2	1
CXCR4	1
CXCR6	1
CYB561D2	1
CYCS	1
CYP3A43	1
CYP46A1	1
DBIL5P2	1
DDX60	1
DEFB103A	1
DEFB109F	1
DEXI	1
DGAT2	1
DGCR2	1
DGUOK-AS1	1
DHX33	1
DPY19L2P3	1
DRD2	1
DTX2P1-UPK3BP1-PMS2P11	1
DTX3L	1
DUOX2	1
DUS2	1
DUX4L51	1
DYRK4	1
EBI3	1
EDIL3-DT	1
EEA1	1
EGF	1
EIF2S2P3	1
EIF5A	1
EIF5AP3	1
ELFN2	1
ELOA3D	1
ELOVL3	1
EMILIN1	1
EML3	1
ENPP1	1
ENSG10010135243.1	1
ENSG10010135820.1	1
ENSG10010136122.1	1
ENSG10010136497.1	1
ENSG10010140101.1	1
EPAS1	1
EPB41L2	1
ERVFRD-3	1
FABP4	1
FABP5P4	1
FADD	1
FAM110B	1
FAM111A	1
FAM214B	1
FAM47E-STBD1	1
FAM90A3P	1
FBXL3	1
FBXO24	1
FBXW4P1	1
FCAR	1
FCGR2C	1
FCGRT	1
FCN2	1
FCN3	1
FCRL1	1
FCRL5	1
FER	1
FGF18	1
FN1	1
FOXF2-DT	1
FPR3	1
FTO	1
GADD45A	1
GADD45G	1
GAPDH	1
GCFC2	1
GDE1	1
GET3	1
GFI1	1
GOLGA8S	1
GORAB	1
GPBAR1	1
GPCPD1	1
GS1-278J22.1	1
GS1-388B5.8	1
GS1-57L11.3	1
GSTO2	1
GTF2F2P1	1
GTPBP2	1
GTSF1L	1
GUCD1	1
GZMAP1	1
GZMM	1
H1-12P	1
H3-2	1
HACD4	1
Hammerhead_HH10	1
HBD	1
HCST	1
HEATR1	1
HERC2P2	1
HFE	1
HHLA3	1
HHLA3-AS1	1
HLA-DOA	1
HLA-DOB	1
HLA-DPA2	1
HLA-DPB2	1
HLA-DQA2	1
HLA-DQB1-AS1	1
HLA-E	1
HLA-F-AS1	1
HLA-H	1
HLA-K	1
HLA-L	1
HLA-T	1
HMGB1P17	1
HMGCR	1
HNRNPA1P67	1
HORMAD1	1
HOXD-AS2	1
HPSE	1
HSD17B4	1
HSPA1A	1
HSPA5	1
HSPB1	1
IBTK	1
ID1	1
ID2	1
IDH1	1
IFI27L2	1
IFIT1B	1
IFNA7	1
IFNK	1
IFNL1	1
IFNL2	1
IFNL3	1
IFNL4	1
IFT80	1
IGBP1P1	1
IGKV1-16	1
IK	1
IKBKE	1
IL17D	1
IL31	1
IL9RP4	1
ILDR2	1
ILF2	1
ILF2P1	1
ILF2P2	1
ILF3-DT	1
ILRUN	1
ILRUN-AS1	1
IMMP1LP3	1
INSC	1
IP6K2	1
IRF2-DT	1
IRF5P1	1
ISG20L2	1
ITGA4	1
ITGB1	1
JAKMIP2-AS1	1
JMJD6	1
JUP	1
KBTBD11-OT1	1
KCNA3	1
KCNJ1	1
KCNJ2	1
KDM4E	1
KEAP1	1
KIAA1586	1
KIRREL3-AS3	1
KLK1	1
KLRC1	1
KLRC2	1
KLRC3	1
KLRG1	1
KMT2E	1
KREMEN1	1
KRT18P5	1
KRTAP4-16	1
KYNU	1
LA16c-4G1.3	1
LACTB2	1
LAMC3	1
LAT	1
LGALS9	1
LIG3	1
LILRB1-AS1	1
LIME1	1
LIMS1	1
LINC00328-2P	1
LINC01091	1
LINC01094	1
LINC01287	1
LINC01322	1
LINC01414	1
LINC01529	1
LINC01677	1
LINC02005	1
LINC02012	1
LINC02082	1
LINC02131	1
LINC02239	1
LINC02252	1
LINC02255	1
LINC02413	1
LINC02456	1
LINC02500	1
LIPA	1
LL22NC03-88E1.18	1
LNCPRESS1	1
LRG1	1
LRRC3C	1
LSP1P5	1
LYPLA2	1
MAP1LC3A	1
MAP2K1P1	1
MAP3K2-DT	1
MAP4K3-DT	1
MAP4K5	1
MAP6D1	1
MAPK6P2	1
MAPK8IP2	1
MAPKAP1	1
MAPRE1P1	1
MAPT	1
MBOAT7	1
MCUR1	1
MDFIC	1
MED1	1
MEOX1	1
Metazoa_SRP	1
METTL21EP	1
MGA	1
MGST1	1
MIA3	1
MICAL1	1
MIR1243	1
MIR1261	1
MIR1290	1
MIR1471	1
MIR3171	1
MIR338	1
MIR4252	1
MIR4253	1
MIR4304	1
MIR4307	1
MIR4509-1	1
MIR548X	1
MIR637	1
MIR6513	1
MIR6746	1
MIR6824	1
MIR6867	1
MIR9-3	1
MKI67	1
MLKL	1
MMP14	1
MMP17	1
MMP2	1
MMP23B	1
MMP24OS	1
MMP27	1
MMP3	1
MMP7	1
MOV10	1
MPP3	1
MRC2	1
MRPL36P1	1
MRRF	1
MS4A18	1
MSMO1	1
MT1A	1
MT2A	1
MTND1P34	1
MTND4P6	1
MTND6P22	1
MTOR	1
MTPAP	1
MTTP	1
MUC21	1
MYCBP2	1
NADK2-AS1	1
NBN	1
NBPF6	1
NCOR2	1
NDUFA8P1	1
NDUFB8P1	1
NEDD4	1
NFATC2	1
NFKBID	1
NFKBIE	1
NFKBIL1	1
NFKBIZ	1
NKG7	1
NLRP12	1
NME1-NME2	1
NMUR1	1
NODAL	1
NPM1P38	1
NPRL3	1
NRF1	1
NRG1	1
NRG4	1
NSA2P6	1
NTM-AS1	1
NUB1	1
NUFIP2	1
NUP210P3	1
NYNRIN	1
OBI1	1
OR4F2P	1
OR52M1	1
OR5M13P	1
OR7E83P	1
OR7E99P	1
OR8H1	1
OSBPL10	1
OSBPL7	1
OVOL1	1
PABPC1P2	1
PCCA	1
PCCA-AS1	1
PCDH20	1
PCDH8	1
PCDH9-AS1	1
PCDHB16	1
PCDHB2	1
PCDHB7	1
PCDHGA1	1
PCDHGA6	1
PCDHGB3	1
PDCD11	1
PDCD2	1
PDCD6-AHRR	1
PDCD7	1
PDCL3P4	1
PDE11A	1
PDE7A-DT	1
PDK2	1
PECAM1	1
PFKFB3	1
PGA5	1
PHYHIP	1
PIK3CA	1
PIK3CB	1
PIK3CD	1
PIK3CDP1	1
PIK3R1	1
PILRA	1
PKD1P6-NPIPP1	1
PLAC8	1
PLCD4	1
PLCG2	1
PLTP	1
POC1B	1
POLB	1
POLR2J	1
POMK	1
PON1	1
POTEA	1
POU3F1	1
PPIAP28	1
PPIAP55	1
PPIAP63	1
PPIL3	1
PPIL6	1
PRAMEF12	1
PRANCR	1
PRKAR2B	1
PRKCQ	1
PROK2	1
PRPSAP2	1
PRR16	1
PRR7	1
PRRX1	1
PSMC1P3	1
PTCD1	1
PTCD3	1
PTGER4P2-CDK2AP2P2	1
PTMAP15	1
PTMAP5	1
PTPN1	1
PTPN22	1
PTX3	1
PWRN4	1
RAB27A	1
RAB27B	1
RAB42P1	1
RAB43	1
RABEP1	1
RAD23BP3	1
RAPSN	1
RASA3-IT1	1
RBM48	1
RC3H2	1
RCOR3	1
REELD1	1
REL	1
RELT	1
REX1BD	1
REXO1L10P	1
REXO5	1
RFTN2	1
RGS5	1
RHBDD2	1
RHOG	1
RIC8A	1
RIPK3	1
RN7SL120P	1
RN7SL466P	1
RN7SL488P	1
RN7SL496P	1
RN7SL57P	1
RN7SL784P	1
RNA5SP190	1
RNA5SP251	1
RNA5SP266	1
RNA5SP328	1
RNA5SP336	1
RNA5SP380	1
RNA5SP389	1
RNA5SP406	1
RNA5SP432	1
RNA5SP469	1
RNASEH1-AS1	1
RNASEL	1
RNF11P2	1
RNF213	1
RNU1-78P	1
RNU4-41P	1
RNU6-1109P	1
RNU6-1114P	1
RNU6-1177P	1
RNU6-1218P	1
RNU6-1260P	1
RNU6-1282P	1
RNU6-128P	1
RNU6-131P	1
RNU6-1324P	1
RNU6-153P	1
RNU6-222P	1
RNU6-275P	1
RNU6-418P	1
RNU6-440P	1
RNU6-445P	1
RNU6-559P	1
RNU6-622P	1
RNU6-888P	1
RNU6ATAC25P	1
RNU6ATAC40P	1
ROBO1	1
RP1-128O3.6	1
RP1-205F14P.1	1
RP1-281E18.1	1
RP1-29C18.11	1
RP1-50O24.8	1
RP1-90G24.8	1
RP11-101P17.15	1
RP11-10J18.3	1
RP11-10L7.4	1
RP11-115C6.1	1
RP11-121C2.2	1
RP11-159H20.6	1
RP11-167N5.6	1
RP11-184E24.1	1
RP11-18J9.3	1
RP11-190J12.1	1
RP11-206L10.19	1
RP11-215I16.1	1
RP11-21J7.1	1
RP11-228B15.4	1
RP11-235E17.3	1
RP11-259P20.1	1
RP11-259P6.3	1
RP11-261K4.1	1
RP11-264E18.1	1
RP11-275E15.3	1
RP11-290L1.6	1
RP11-304F15.3	1
RP11-307C18.1	1
RP11-321E8.4	1
RP11-322M19.5	1
RP11-339D23.1	1
RP11-340I6.11	1
RP11-342M1.3	1
RP11-349F21.1	1
RP11-34P13.9	1
RP11-350D23.4	1
RP11-356O22.4	1
RP11-359M6.1	1
RP11-363J20.2	1
RP11-367J7.4	1
RP11-370B11.3	1
RP11-375F2.4	1
RP11-377D9.1	1
RP11-382B18.5	1
RP11-395B20.2	1
RP11-396I22.1	1
RP11-403A3.3	1
RP11-404E16.1	1
RP11-413E6.11	1
RP11-423B13.1	1
RP11-426D19.1	1
RP11-429J17.4	1
RP11-44H4.1	1
RP11-44M6.1	1
RP11-452E5.1	1
RP11-455F15.1	1
RP11-463I20.3	1
RP11-463J10.2	1
RP11-468F18.5	1
RP11-471M10.3	1
RP11-477J21.2	1
RP11-481C4.2	1
RP11-49C20.1	1
RP11-524F11.6	1
RP11-524L6.3	1
RP11-525K10.2	1
RP11-528N21.1	1
RP11-537D2.1	1
RP11-543B16.5	1
RP11-548P2.4	1
RP11-54G14.1	1
RP11-566K19.6	1
RP11-574K11.29	1
RP11-584P21.4	1
RP11-597A11.4	1
RP11-611O2.2	1
RP11-627C1.1	1
RP11-632F7.4	1
RP11-642M2.1	1
RP11-657G5.2	1
RP11-667K14.20	1
RP11-686D22.9	1
RP11-693I21.1	1
RP11-704G7.1	1
RP11-712L6.8	1
RP11-732A19.6	1
RP11-734C14.2	1
RP11-736K12.1	1
RP11-736N17.9	1
RP11-739P1.2	1
RP11-73F12.2	1
RP11-787I22.3	1
RP11-81A1.3	1
RP11-848D3.4	1
RP11-855O10.3	1
RP11-85G20.2	1
RP11-860B13.3	1
RP11-864N7.2	1
RP11-876N24.1	1
RP11-89C3.5	1
RP13-16H11.8	1
RP13-497K6.1	1
RP3-333H23.10	1
RP3-426I6.6	1
RP3-465N24.7	1
RP3-467D16.4	1
RP4-683L5.1	1
RP4-687F11.2	1
RP5-1018K9.1	1
RP5-1099C19.2	1
RP5-1110E20.1	1
RP5-875H18.4	1
RPAP3	1
RPL31P45	1
RPP25L	1
RPS12P3	1
RPS26P38	1
RPSAP65	1
RRAS2P2	1
RSL24D1P3	1
RUNX1	1
S100A4	1
SAMD9	1
SAMSN1	1
SAPCD2	1
SAPCD2P4	1
SCARF2	1
SCHLAP1	1
SCO2	1
SEC14L1	1
SEC22B4P	1
SEMA7A	1
SENP3-EIF4A1	1
SEPSECS-AS1	1
SERPINA4	1
SERPINB1	1
SERTAD3-AS1	1
SESN1	1
SETP6	1
SF1	1
SH2D6	1
SIGLEC5	1
SLC13A4	1
SLC16A8	1
SLC1A5	1
SLC26A8	1
SLC2A1	1
SLC7A11-AS1	1
SMAD2	1
SMAD3	1
SMAD4	1
SMARCD1	1
SMARCD3	1
SMIM14	1
SNORA3B	1
SNORA62	1
SNORA63	1
SNORA70	1
SNORA72	1
SNORA73	1
SNORA74	1
SNORA74D	1
SNORA75	1
SNORD39	1
SNORD62A	1
SNORD81	1
SNW1	1
SOCS5	1
SOX8	1
SP100	1
SPEF2	1
SPPL2B	1
SSRP1	1
STAG3L5P-PVRIG2P-PILRB	1
STAT5B	1
STAT6	1
STATH	1
STIL	1
SUGT1P4-STRA6LP-CCDC180	1
TAAR3P	1
TAB1	1
TAB2	1
TAB2-AS1	1
TACC3	1
TAF11	1
TAOK1	1
TAPBPL	1
TBC1D22A-AS1	1
TBC1D3F	1
TBC1D3P1-DHX40P1	1
TBCEL-TECTA	1
TBILA	1
TBK1	1
TBKBP1	1
TBL1XR1-AS1	1
TBXA2R	1
TBXAS1	1
TCF7	1
Telomerase-vert	1
TEX48	1
TEX53	1
TFAP2A	1
TGFBRAP1	1
TGM2	1
TGM4	1
THBS1	1
THEMIS	1
THOC3	1
THSD7A	1
TICAM2	1
TICRR	1
TIRAP	1
TK2	1
TLCD4	1
TLCD4-RWDD3	1
TLR10	1
TLR12P	1
TLR3	1
TMCC1	1
TMCC3	1
TMED10P2	1
TMEM132A	1
TMEM14A	1
TMEM244	1
TMEM91	1
TMIGD3	1
TNFAIP8L2	1
TNFAIP8L3	1
TNFSF12	1
TNFSF13	1
TNFSF15	1
TNS1	1
TOB1-AS1	1
TPD52	1
TRAF1	1
TRAF2	1
TRAF3IP2	1
TRAF7	1
TRAPPC3	1
TRAV27	1
TRBJ1-1	1
TRBJ1-5	1
TRBV1	1
TREML4	1
TRIM21	1
TRIM27	1
TRIM32	1
TRIM51BP	1
TRIM9	1
TSPOAP1	1
TUT4	1
TWF1P1	1
TXNP1	1
U1	1
U2	1
U3	1
U4	1
U6	1
U7	1
U8	1
UBR5	1
ULBP3	1
UQCRC1	1
USF1	1
USP17L23	1
USP18	1
VAMP8	1
Vault	1
VAV1	1
VPS29	1
VPS33B	1
VPS35	1
WDFY1	1
WDR54	1
XCL1	1
XCL2	1
XKR9	1
XXbac-BCX196D17.5	1
XXbac-BPG116M5.17	1
XXbac-BPG118E17.11	1
XXbac-BPG157A10.21	1
XXbac-BPG16N22.5	1
XXbac-BPG170G13.31	1
XXbac-BPG170G13.32	1
XXbac-BPG170G13.34	1
XXbac-BPG171B11.8	1
XXbac-BPG181B23.6	1
XXbac-BPG181B23.7	1
XXbac-BPG181B23.9	1
XXbac-BPG181M17.4	1
XXbac-BPG181M17.5	1
XXbac-BPG181M17.6	1
XXbac-BPG185D15.13	1
XXbac-BPG246D15.9	1
XXbac-BPG248L24.10	1
XXbac-BPG248L24.12	1
XXbac-BPG248L24.14	1
XXbac-BPG252P9.9	1
XXbac-BPG254B15.11	1
XXbac-BPG254F23.7	1
XXbac-BPG258E24.10	1
XXbac-BPG283O16.9	1
XXbac-BPG299F13.14	1
XXbac-BPG299F13.15	1
XXbac-BPG299F13.16	1
XXbac-BPG299F13.17	1
XXbac-BPG300A18.13	1
XXbac-BPG300A18.14	1
XXbac-BPG300A18.15	1
XXbac-BPG300A18.16	1
XXbac-BPG300A18.17	1
XXbac-BPG308K3.5	1
XXbac-BPG34K20.6	1
XXbac-BPGBPG34I8.1	1
XXbac-BPGBPG34I8.2	1
XXbac-BPGBPG34I8.3	1
XXbac-BPGBPG34I8.5	1
XXbac-BPGBPG55C20.1	1
XXbac-BPGBPG55C20.2	1
XXbac-BPGBPG55C20.3	1
XXbac-BPGBPG55C20.4	1
XXbac-BPGBPG55C20.6	1
XXyac-YR14ID10.1	1
XXyac-YR21IF11.3	1
XXyac-YRM2136_A.2	1
XXyac-YX65C7_A.2	1
XXyac-YX65C7_A.3	1
XXyac-YX82D3__B.1	1
ZC3H11A	1
ZC3H15	1
ZC3H3	1
ZNF195	1
ZNF383	1
ZNF468	1
ZNF613	1
ZNF725P	1
ZNF785	1
ZNF887P	1
ZZZ3	1
