ABCB4	40
ABCB5	40
C1orf112	39
CFH	39
DPM1	39
FGR	39
SCYL3	39
FUCA2	38
GCLC	38
HECW1	38
ST7	38
ZMYND10	38
ACSM3	37
AK2	37
ALS2	37
ANKIB1	37
AOC1	37
ARF5	37
ARHGAP33	37
BAD	37
CALCR	37
CAMKK1	37
CASP10	37
CD38	37
CDC27	37
CFLAR	37
CFTR	37
CIAPIN1	37
COPZ2	37
CREBBP	37
CROT	37
CYP26B1	37
CYP51A1	37
DBNDD1	37
DHX33	37
DVL2	37
ENPP4	37
FAM214B	37
FBXL3	37
FKBP4	37
GCFC2	37
HOXA11	37
HS3ST1	37
HSPB6	37
IBTK	37
ICA1	37
ITGAL	37
KDM1A	37
KMT2E	37
KRIT1	37
LAP3	37
LASP1	37
LIG3	37
M6PR	37
MAD1L1	37
MCUB	37
MEOX1	37
MPO	37
MTMR7	37
MYCBP2	37
MYH16	37
NDUFAB1	37
NDUFAF7	37
NFYA	37
NIPAL3	37
PDK2	37
PDK4	37
PLXND1	37
POLDIP2	37
POLR2J	37
PON1	37
PRKAR2B	37
PRSS22	37
RAD52	37
RBM5	37
RBM6	37
RECQL	37
REXO5	37
RHBDD2	37
RPAP3	37
SARM1	37
SEMA3F	37
SKAP2	37
SLC22A16	37
SLC25A13	37
SLC4A1	37
SLC7A2	37
SNX11	37
SOX8	37
SPPL2B	37
STPG1	37
TFPI	37
THSD7A	37
TMEM176A	37
TSPOAP1	37
UPF1	37
VPS50	37
WDR54	37
WNT16	37
ZNF195	37
TCL6	23
Y_RNA	19
MIR4538	18
NPM1P20	18
RP11-119F7.6	18
RP11-301G23.1	18
FOXD4L4	15
ACAD9	12
AGPAT5	12
BCL2L1	12
CD34	12
COBLL1	12
CWH43	12
DHRS7C	12
DIRAS2	12
EFNB2	12
FAM174B	12
FAM216A	12
FTH1	12
IFNL3P1	12
KRTAP4-4	12
LAMC1	12
NRP1	12
POP5	12
RP11-218M11.7	12
RP11-466H18.1	12
S100B	12
SPRING1	12
SPX	12
STAU2	12
SUPT5H	12
TMEM237	12
TXNDC17	12
USP29	12
VKORC1	12
VPS37B	12
VPS37C	12
ZNF266	12
C9orf129	11
RP11-367J7.4	11
AC000077.2	10
AC006486.14	10
AC010525.4	10
AC068286.1	10
AC079163.1	10
ATAD3C	10
CR769776.3	10
CTB-3M24.1	10
CTC-444N24.11	10
EEF1DP6	10
FMO7P	10
FRRS1L	10
GS1-166A23.2	10
LA16c-3G11.7	10
LINC00857	10
LINC01069	10
LINC01564	10
LINC02259	10
MED28P5	10
MIR195	10
MIR3975	10
MIR4303	10
MIR4446	10
MIR887	10
NKIRAS1	10
OR7E136P	10
PPIAP40	10
RN7SKP46	10
RN7SL353P	10
RN7SL752P	10
RNA5SP177	10
RNA5SP269	10
RNA5SP481	10
RNA5SP75	10
RNU1-136P	10
RNU1-51P	10
RNU6-1201P	10
RNU6-885P	10
RP11-10F11.2	10
RP11-111G20.3	10
RP11-111J6.4	10
RP11-114F10.3	10
RP11-12D24.6	10
RP11-155G15.3	10
RP11-157E21.3	10
RP11-182B22.7	10
RP11-244B22.10	10
RP11-310J24.3	10
RP11-350E12.6	10
RP11-359H3.1	10
RP11-542A14.1	10
RP11-556G22.2	10
RP11-57G22.3	10
RP11-72M10.8	10
RP11-767C1.2	10
RP5-858B6.4	10
RPS15AP28	10
SRP68P3	10
SULT1C4	10
UBE2V2P1	10
USP17L14P	10
AC002401.1	9
AC098831.4	9
ADGRF1	9
ANAPC1P3	9
AP000697.6	9
ARMC3	9
ATXN8OS	9
BMP3	9
BMS1	9
COX7B2	9
CTA-29F11.1	9
CTC-546K23.2	9
CTC-563A5.2	9
DCAF1	9
DDX49	9
DEFA6	9
FAM162A	9
FAM166AP3	9
FRS3	9
GLIS2-AS1	9
HDHD5-AS1	9
HERC2P10	9
HRAS	9
IFFO1	9
IFNAR1	9
IGHVIII-67-4	9
LEFTY1	9
MACO1	9
MBD3L5	9
MIR6720	9
OBSCN	9
OR2R1P	9
OR7E24	9
PRAMEF1	9
RNA5SP308	9
RNA5SP418	9
RNU6-1311P	9
RP11-109N23.6	9
RP11-210K20.2	9
RP11-232L2.3	9
RP11-378I13.1	9
RP11-404J24.1	9
RP11-74K11.1	9
RP11-91P24.5	9
RP11-932A10.3	9
RP3-466P17.1	9
SAR1B	9
SNORD115-15	9
ST13P19	9
THORLNC	9
UBE2Q2P6	9
ZNF556	9
ZNF865	9
7SK	6
A2M	6
AATF	6
ABC14-1188822O7.1	6
AC006445.11	6
AC074212.5	6
AC091493.2	6
ARSJ	6
ATP6V0E1P1	6
CCDC191	6
CNDP1	6
CTD-2201G3.1	6
CTD-2526A2.6	6
FAM110B	6
FTH1P6	6
GFER	6
HCK	6
KIAA0586	6
LARGE2	6
LINC02827	6
LRRC34P1	6
MIA3	6
MIR3187	6
NPIPB8	6
NPM1P32	6
NSFP1	6
OR6Q1	6
PINK1	6
PMCH	6
PTRHD1	6
RNA5SP357	6
RNA5SP57	6
RNU2-34P	6
RNU7-61P	6
RP11-134E15.1	6
RP11-202H2.1	6
RP11-252C24.2	6
RP11-268P4.5	6
RP11-383G6.4	6
RP11-489G11.6	6
RP11-540O11.7	6
RP11-638I2.2	6
RP3-424M6.4	6
RP5-956O18.2	6
RPS13P4	6
SAP30	6
SIN3B	6
SLC17A9	6
SNHG19	6
SNORA41B	6
SPECC1P2	6
SPTSSA	6
5_8S_rRNA	5
5S_rRNA	5
A1BG	5
A1BG-AS1	5
A1CF	5
A2M-AS1	5
A2ML1	5
A2ML1-AS1	5
A2ML1-AS2	5
A2MP1	5
A3GALT2	5
A4GALT	5
A4GNT	5
AA06	5
AAAS	5
AACS	5
AACSP1	5
AADAC	5
AADACL2	5
AADACL2-AS1	5
AADACL3	5
AADACL4	5
AADACP1	5
AADAT	5
AAGAB	5
AAK1	5
AAMDC	5
AAMP	5
AANAT	5
AAR2	5
AARD	5
AARS1	5
AARS1P1	5
AARS2	5
AARSD1	5
AASDH	5
AASDHPPT	5
AASS	5
AATBC	5
AATK	5
AB015752.3	5
AB019438.66	5
AB019440.50	5
AB019441.29	5
ABALON	5
ABAT	5
ABBA01000934.1	5
ABBA01045074.1	5
ABBA01045074.2	5
ABC10-43608400O15.1	5
ABC10-44372100G24.1	5
ABC11-4932300O16.1	5
ABC12-46663800M24.1	5
ABC12-46663800M24.2	5
ABC12-47964100C23.1	5
ABC13-47656900H15.1	5
ABC13-48845200J1.1	5
ABC14-1188822O7.2	5
ABC7-42391500H16.4	5
ABC7-42404400C24.1	5
ABC7-42418200C9.1	5
ABC7-481722F1.1	5
ABC7-481722F1.2	5
ABC8-43014700C16.1	5
ABCA1	5
ABCA10	5
ABCA11P	5
ABCA12	5
ABCA13	5
ABCA17P	5
ABCA2	5
ABCA3	5
ABCA4	5
ABHD1	5
AC008154.4	5
AC008984.2	5
AC010096.1	5
AC104532.3	5
AC104984.4	5
ACTL7A	5
ARL15	5
C10orf55	5
C11orf91	5
C1orf52	5
CCNDBP1	5
CTD-2054N24.2	5
CTD-2308N23.4	5
CTD-2545G14.4	5
DAAM2	5
EGLN3	5
ENSG10010135223.1	5
ENSG10010140082.1	5
ERVK-28	5
FAM13B	5
FAM193A	5
FIGNL2	5
GADD45A	5
GIT1	5
GOLGA6L6	5
GPX1P2	5
HACD3	5
HMGN2P27	5
HMGN2P28	5
HNRNPCP8	5
HS6ST1	5
IGHV3-16	5
IL13	5
KLHL2	5
LINC00304	5
LINC00489	5
LINC01046	5
LINC01518	5
LINC01889	5
LOXL1	5
LRRC24	5
LY6E	5
MBNL1	5
MIR4507	5
MIR6835	5
NOTCH2NLC	5
OR52X1P	5
PDLIM5	5
PPP6R2	5
RAB34	5
REV1	5
RIF1	5
RN7SKP152	5
RN7SL542P	5
RNA5SP323	5
RNU7-35P	5
RP1-90J20.2	5
RP11-153M7.3	5
RP11-163O19.1	5
RP11-196I18.3	5
RP11-248M19.2	5
RP11-276H1.2	5
RP11-296I10.5	5
RP11-325K2.1	5
RP11-328K2.1	5
RP11-347H15.3	5
RP11-349L8.1	5
RP11-370A5.1	5
RP11-386G21.2	5
RP11-434H14.1	5
RP11-46F15.2	5
RP11-521D12.1	5
RP11-588K22.2	5
RP11-621K7.1	5
RP11-640N20.9	5
RP11-646E18.4	5
RP11-793L10.2	5
RP11-812E19.12	5
RP4-705F19.1	5
RP4-749H3.3	5
RP5-1096D14.3	5
RSU1P3	5
RYR3	5
SCN8A	5
SEC16A	5
SLC39A12-AS1	5
SMIM34B	5
SNORD14A	5
SNORD22	5
SPATA12	5
SPNS2	5
SPTBN2	5
SRIP1	5
THBD	5
TMEM154	5
TNFRSF25	5
TNKS2-AS1	5
TSG101	5
UCKL1	5
VN1R91P	5
VSTM5	5
ABCB1	4
ABCB9	4
AURKA	4
CD300E	4
VPS25	4
ABCA5	3
ABCA6	3
ABCA7	3
ABCA8	3
ABCA9	3
ABCA9-AS1	3
ABCB10	3
ABCB10P1	3
ABCB10P3	3
ABCB10P4	3
ABCB11	3
ABCB6	3
ABCB8	3
ABCC1	3
ABCC10	3
ABCC11	3
ABCC12	3
ABCC13	3
ABCC2	3
ANKRD22	3
CCL3	3
CCL4	3
CXCL10	3
EIF4G2	3
FAM66E	3
FCGR1A	3
GBP5	3
GZMK	3
HLA-H	3
IFI44L	3
IFITM3	3
LINC01128	3
MIR519E	3
MTND4P2	3
MX1	3
OAS3	3
PSG8	3
RAB11FIP5	3
RNU6-1062P	3
RNU6-326P	3
RNU6ATAC	3
RP11-378I6.2	3
RP11-380J14.4	3
SLC26A9	3
SNORD3A	3
TPSAB1	3
TRAV6	3
TRBV27	3
TRBV30	3
ZFP36	3
ZNF208	3
AC004485.3	2
AC005550.3	2
AC079466.1	2
ACTR8	2
AGGF1P3	2
ANKRD62	2
ANXA3	2
AP002856.5	2
ASAP1	2
ATP5MC3	2
ATP6V0C	2
ATP6V1G2-DDX39B	2
BCAT1	2
BDH2	2
BIRC5	2
BUB1B	2
C10orf105	2
C15orf54	2
C17orf50	2
C1QA	2
C1QB	2
C20orf203	2
C22orf46	2
CCL8	2
CD177	2
CD1B	2
CD1C	2
CDC20	2
CDK1	2
CENPE	2
CH17-476P10.1	2
CKS1BP2	2
CLEC10A	2
CSRP3-AS1	2
CTB-161M19.4	2
CTD-2020K17.3	2
CTD-2140B24.4	2
CTD-2301A4.1	2
CTD-2540B15.10	2
CXXC5-AS1	2
CYCSP38	2
CYP2A7	2
CYP2F1	2
DCAF12	2
DCUN1D5	2
DDX10P2	2
DLGAP4-AS1	2
DNAJA4	2
ENSG10010139068.1	2
EPSTI1	2
FAM138F	2
FGFBP2	2
GBP1	2
GBP4	2
GNG8	2
GPR18	2
GZMB	2
H2BC16P	2
H3P24	2
HBA2	2
HLA-DPA1	2
HOXA-AS2	2
IFI44	2
IFIT1	2
IFIT2	2
IFIT3	2
IFNA2	2
IGKV1D-12	2
IGKV2-24	2
IGKV3-15	2
IGLV6-57	2
IL17RD	2
IL21	2
IL7R	2
IRF7	2
KB-1299A7.2	2
KCNG1	2
KIF2C	2
KLRF1	2
KRT18P39	2
KRT4	2
LINC00032	2
LINC00210	2
LINC00571	2
LINC00971	2
LINC01176	2
LINC01307	2
LINC01342	2
LINC01381	2
LINC01906	2
LINC01960	2
LINC02572	2
LTBP4	2
LTV1	2
LUCAT1	2
LZIC	2
MIR106B	2
MIR1293	2
MIR1299	2
MIR3670-4	2
MIR4441	2
MIR567	2
MIR6792	2
MIR8068	2
MMP25	2
MMP9	2
MTCO1P12	2
MYB	2
NDUFB2	2
NOC2L	2
OAS1	2
OPA1-AS1	2
OR1S2	2
OR2T8	2
PARD6G	2
PARP9	2
PCGF3	2
PDE4DIP	2
POLR2H	2
PPIC	2
PREX1	2
PTGDS	2
PTPRCAP	2
RAB39A	2
RBBP4	2
REG1A	2
RGS5	2
RN7SKP242	2
RN7SKP86	2
RNA5SP259	2
RNA5SP27	2
RNF180	2
RNU1-75P	2
RNU6-1199P	2
RNU6-1215P	2
RNU6-1228P	2
RNU6-317P	2
RNU6-53P	2
RNU6-968P	2
RNU6-992P	2
RNU6ATAC22P	2
RP1-197B17.4	2
RP1-300I2.2	2
RP1-33B19.1	2
RP11-1022B3.1	2
RP11-1081K18.1	2
RP11-1082I11.2	2
RP11-1084J3.1	2
RP11-112J3.16	2
RP11-1156I21.2	2
RP11-134O21.1	2
RP11-138H11.1	2
RP11-157D6.2	2
RP11-15A1.4	2
RP11-162D16.2	2
RP11-173M1.3	2
RP11-175E9.1	2
RP11-17G2.1	2
RP11-187O7.3	2
RP11-207C16.4	2
RP11-216N21.1	2
RP11-24I5.1	2
RP11-252E2.2	2
RP11-252M18.3	2
RP11-25K19.1	2
RP11-266L9.1	2
RP11-2E11.9	2
RP11-303E16.2	2
RP11-30L15.6	2
RP11-322E11.2	2
RP11-355F16.1	2
RP11-372K20.1	2
RP11-377G16.2	2
RP11-380D15.2	2
RP11-440G9.1	2
RP11-44D5.1	2
RP11-466A19.1	2
RP11-473I1.6	2
RP11-477N3.1	2
RP11-497G19.1	2
RP11-497H16.9	2
RP11-501C14.5	2
RP11-543L14.2	2
RP11-54O7.11	2
RP11-55P9.1	2
RP11-58A17.2	2
RP11-5P4.2	2
RP11-644F5.17	2
RP11-713C19.5	2
RP11-715F3.2	2
RP11-763B22.11	2
RP11-810K23.7	2
RP11-813I20.2	2
RP11-815J4.6	2
RP11-826F13.1	2
RP11-874G11.1	2
RP11-883G14.3	2
RP13-1039J1.3	2
RP13-638C3.4	2
RP13-895J2.7	2
RP4-809F4.1	2
RP5-1173I20.1	2
RP5-931K24.3	2
RPL39P15	2
RSAD2	2
SAMD9L	2
SCARNA10	2
SCN3A	2
SEC62	2
SERPINB1	2
SERPING1	2
SETBP1-DT	2
SH2D5	2
SIGLEC8	2
SLC12A5-AS1	2
SLC39A11	2
SLC39A8	2
SLC45A1	2
SNORA10	2
SNORA70E	2
SOD2	2
SPAG5	2
SRD5A3	2
STAT1	2
TAS2R16	2
TOP2A	2
TPD52	2
TPRG1L	2
TRAV11	2
TRAV12-2	2
TRAV19	2
TRAV20	2
TRAV23DV6	2
TRAV24	2
TRAV29DV5	2
TRAV41	2
TRAV9-2	2
TRBV10-2	2
TRBV28	2
TRBV6-4	2
TRBV7-6	2
TRBVA	2
TRGV2	2
TRGV3	2
TRGV4	2
TRGV9	2
TRIM43	2
TTC38	2
TUBB1	2
U3	2
UBE2E2	2
UBE2L2	2
UQCR10	2
WDFY1	2
WDR20	2
XAF1	2
YBX1	2
ZDHHC14	2
ZNF205	2
ZNF34	2
ZNF638	2
ABCD4	1
ABCG5	1
AC000081.2	1
AC002383.2	1
AC002519.8	1
AC004947.2	1
AC005609.2	1
AC006486.10	1
AC006538.4	1
AC007319.1	1
AC007743.1	1
AC008278.3	1
AC009362.2	1
AC009784.3	1
AC010761.10	1
AC011247.3	1
AC011747.6	1
AC015849.12	1
AC015849.16	1
AC016772.4	1
AC016903.1	1
AC018717.1	1
AC018755.16	1
AC023449.2	1
AC034243.1	1
AC068499.10	1
AC068831.18	1
AC073094.4	1
AC074117.10	1
AC074375.1	1
AC079780.3	1
AC092168.2	1
AC096582.9	1
AC108463.1	1
AC112220.2	1
AC112721.1	1
AC113331.9	1
AC114730.2	1
AC114803.3	1
AC114814.4	1
AC139887.4	1
ACIN1	1
ACOT1	1
ACOT7	1
ACTG1P9	1
ADAM23	1
ADAMTS17	1
ADAMTS3	1
ADARB1	1
ADCK2	1
ADGRL2	1
ADH1C	1
ADIRF	1
AF131217.1	1
AF241725.6	1
AFAP1L2	1
AGAP1-IT1	1
AGRN	1
AHRR	1
AIF1L	1
AIFM2	1
AKIRIN1	1
AKR1B1P1	1
AKR1B1P2	1
AKR1E2	1
AL022341.3	1
AL022345.11	1
AL049758.2	1
ALDOA	1
ALMS1P1	1
ALX1	1
ANKRD1	1
ANKRD13B	1
ANKRD30BL	1
ANKRD52	1
ANKRD7	1
ANKRD9	1
ANO9	1
AOX3P	1
AP000442.1	1
AP3B1	1
AP5M1	1
APOBEC3G	1
APOE	1
APOL6	1
ARHGAP20	1
ARHGAP5	1
ARHGEF16	1
ARL10	1
ARL14EPL	1
ARL14EPP1	1
ARL4A	1
ARL6IP1P1	1
ARMC1	1
ARPC2	1
ARRDC1-AS1	1
ASCL5	1
ASNS	1
ASPM	1
ASXL3	1
ATF4	1
ATF7	1
ATM	1
ATP13A5-AS1	1
ATP2A1	1
ATP6V0E2-AS1	1
ATP6V1B1	1
ATP6V1E1	1
ATP6V1E1P1	1
ATP8B4	1
ATXN2	1
AURKB	1
B2M	1
B3GNT8	1
B4GALT1	1
BACH2	1
BATF	1
BATF2	1
BBS1	1
BCKDHA	1
BCL6	1
BCRP2	1
BLID	1
BMP1	1
BMP10	1
BMS1P10	1
BOLA2B	1
BOLL	1
BOP1	1
bP-2189O9.5	1
BRD7P2	1
BRD7P6	1
BRD9P1	1
BRIX1	1
BRK1	1
BTG1	1
BUB1	1
BUD13	1
C10orf120	1
C12orf29	1
C15orf39	1
C16orf78	1
C16orf82	1
C1orf115	1
C1orf127	1
C1orf141	1
C1orf159	1
C1orf194	1
C1orf210	1
C1orf43	1
C1QC	1
C20orf141	1
C20orf144	1
C20orf197	1
C20orf27	1
C22orf31	1
C22orf39	1
C2CD5	1
C3AR1	1
C3orf49	1
C3P1	1
C5orf49	1
C5orf64	1
C6orf163	1
C6orf89	1
C7orf50	1
C9orf16	1
CABLES1	1
CACNA1G	1
CAPSL	1
CBX7	1
CCDC13-AS1	1
CCDC144A	1
CCDC15	1
CCDC154	1
CCDC162P	1
CCDC168	1
CCDC174	1
CCDC186	1
CCDC190	1
CCDC38	1
CCDC71	1
CCDC88B	1
CCDC89	1
CCL22	1
CCL27	1
CCL4L2	1
CCNA2	1
CCNB1	1
CCNB2	1
CCNYL1	1
CCT2	1
CCT6A	1
CCT6P1	1
CCT6P3	1
CCT6P4	1
CCT7P2	1
CD248	1
CD27	1
CD274	1
CD300LB	1
CD300LF	1
CD3D	1
CD40	1
CD44	1
CD47	1
CD48	1
CD74	1
CD86	1
CD8A	1
CDC45	1
CDC6	1
CDCA3	1
CDCA5	1
CDCA8	1
CDK2	1
CDK6	1
CDKN2AIPNL	1
CECR2	1
CENATAC	1
CENPA	1
CENPF	1
CENPH	1
CENPN	1
CEP126	1
CEP170	1
CEP295NL	1
CEP55	1
CFAP100	1
CFAP221	1
CFAP70	1
CFL1P8	1
CGB3	1
CH17-140K24.3	1
CH17-342O10.1	1
CH25H	1
CHADL	1
CHCHD2P2	1
CHCHD6	1
CHD1	1
CHD4	1
CHD5	1
CHEK2P2	1
CHKB	1
CHMP1A	1
CHMP6	1
CHRNA1	1
CHSY1	1
CHTF18	1
CKAP5	1
CLDN24	1
CLEC4D	1
CLEC4G	1
CLEC5A	1
CLEC7A	1
CLIC5	1
CLPB	1
CLSTN3	1
CNIH2	1
COG6	1
COILP1	1
COL22A1	1
COL3A1	1
COX17	1
COX6B2	1
COX7A2	1
CRAT	1
CRB3P1	1
CREB3	1
CRYBB2	1
CRYGGP	1
CSF1R	1
CSNK1G1	1
CSNK1G3	1
CST7	1
CSTF1	1
CTA-204B4.2	1
CTA-299D3.8	1
CTAGE15	1
CTAGE6	1
CTB-39G8.2	1
CTB-40H15.5	1
CTB-41I6.2	1
CTB-57H20.1	1
CTB-61M7.1	1
CTB-63M22.1	1
CTB-78H18.1	1
CTB-78O21.1	1
CTB-89H12.4	1
CTC-260E6.6	1
CTC-304I17.5	1
CTC-384G19.1	1
CTC-421K24.1	1
CTC-448F2.6	1
CTC-531G16.1	1
CTC-535M15.2	1
CTC-543D15.3	1
CTD-2008L17.2	1
CTD-2015B23.2	1
CTD-2083E4.4	1
CTD-2168K21.2	1
CTD-2201E9.2	1
CTD-2313J17.6	1
CTD-2325P2.5	1
CTD-2335A18.2	1
CTD-2357A8.2	1
CTD-2509G16.1	1
CTD-2526A2.5	1
CTD-2547E10.5	1
CTD-2555A7.2	1
CTD-2561F5.1	1
CTD-2571L23.9	1
CTD-2587M23.1	1
CTD-2616J11.9	1
CTD-2620I22.3	1
CTD-2651B20.3	1
CTD-2651B20.9	1
CTD-2655K5.1	1
CTD-3014M21.1	1
CTD-3065J16.9	1
CTDP1	1
CTSL	1
CXCL2	1
CXCL9	1
CYCSP5	1
CYP11A1	1
CYP1A1	1
CYP21A1P	1
CYP2D6	1
CYP2G1P	1
CYP2U1	1
CYP39A1	1
CYP4A11	1
CYP4X1	1
CYP4Z2P	1
DAP	1
DCAF5	1
DCUN1D3	1
DDAH1	1
DDIT4	1
DDIT4L	1
DDX60	1
DEFB1	1
DEFB115	1
DENND10	1
DENND1C	1
DHRS11	1
DHX37	1
DLEU2	1
DLEU2L	1
DLGAP5	1
DLK1	1
DNAH12	1
DNAH17-AS1	1
DNAH6	1
DNAJA1	1
DNAJB1	1
DNAJB3	1
DNAJC25	1
DNM1	1
DNM3	1
DNPH1	1
DOK7	1
DPM2	1
DPP7	1
DQX1	1
DRC7	1
DTX1	1
DUSP13	1
DUSP2	1
DYNLL1	1
E2F5	1
EDEM3	1
EEF1A1P33	1
EEF1A1P7	1
EEF1A1P9	1
EEF1GP4	1
EFCC1	1
EFTUD2	1
EIF2AK1	1
EIF2B2	1
EIF3A	1
EIF3CL	1
EIF3E	1
EIF3I	1
EIF3K	1
EIF3L	1
ELFN1-AS1	1
ELOBP2	1
ELP4	1
EMC1-AS1	1
EMG1	1
ENPP6	1
ENSG10010134105.1	1
ENSG10010134178.1	1
ENSG10010135574.1	1
ENSG10010135768.1	1
ENSG10010135969.1	1
ENSG10010136167.1	1
ENSG10010137173.1	1
ENSG10010138382.1	1
ENSG10010139291.1	1
ENSG10010139651.1	1
ENSG10010139719.1	1
ENSG10010139745.1	1
ENSG10010140140.1	1
ENTPD8	1
EPHA6	1
EPS15	1
ERFL	1
ERH	1
ERMP1	1
EVA1A	1
EXOC3	1
EXOSC6	1
EXOSC8	1
FABP5P8	1
FAM110C	1
FAM111A	1
FAM114A2	1
FAM138A	1
FAM13A	1
FAM157B	1
FAM157C	1
FAM166A	1
FAM171B	1
FAM181A	1
FAM205BP	1
FAM221B	1
FAM227A	1
FAM228A	1
FAM30C	1
FAM3B	1
FAM41C	1
FAM43B	1
FAM47E	1
FAM47E-STBD1	1
FAM66C	1
FAM71E2	1
FAM71F1	1
FAM72D	1
FAM81A	1
FAM83H	1
FAM86B1	1
FAM86HP	1
FAM90A10P	1
FAM90A23P	1
FAM90A27P	1
FBXO22	1
FBXO28	1
FCGR1B	1
FCGR3A	1
FCRL4	1
FGD4	1
FGF9	1
FLT1	1
FNBP1L	1
FOSB	1
FOXD4L1	1
FOXD4L6	1
FPR3	1
FRG1	1
FRG1BP	1
FTLP3	1
FTSJ3	1
FUT9	1
FXYD7	1
FZD3	1
GABARAPL1	1
GADD45G	1
GALNT6	1
GAPDHP73	1
GAS1	1
GAS2	1
GASK1B	1
GATA3	1
GATA4	1
GBP2	1
GCAT	1
GCNAP1	1
GEMIN7	1
GFI1B	1
GGA3	1
GGT2	1
GGT7	1
GGTLC2	1
GIMAP6	1
GLS	1
GLT8D1	1
GMDS	1
GNAQ	1
GNB3	1
GNG10	1
GNG4	1
GNL3	1
GNLY	1
GOLGA8CP	1
GPN2	1
GPR12	1
GPR157	1
GPR160	1
GPR171	1
GPR183	1
GPR27	1
GPR37L1	1
GPR65	1
GPR75	1
GPX2	1
GRAMD4P6	1
GRM7-AS3	1
GTF2F2	1
GTF2IRD1	1
GTF3C4	1
GTF3C5	1
GTPBP1	1
GZMA	1
GZMH	1
H1-10	1
H1-3	1
H3-4	1
H3C15	1
HAGLR	1
HBA1	1
HBG2	1
HEMGN	1
HERC2P3	1
HERC2P9	1
HERC5	1
HERC6	1
HERPUD2-AS1	1
HES1	1
HES2	1
HES4	1
HIGD1AP4	1
HK3	1
HLA-DPB1	1
HLA-DQA1	1
HLA-DQA2	1
HLA-DQB1	1
HLA-DRB1	1
HLA-F-AS1	1
HLA-J	1
HLA-K	1
HLA-V	1
HMG20B	1
HMGB1P18	1
HMGB1P9	1
HMGCS1	1
HMGN1P9	1
HMGN2P2	1
HMGN2P25	1
HMGN2P35	1
HMMR	1
HNRNPA1P16	1
HNRNPA1P33	1
HNRNPA1P5	1
HNRNPA1P52	1
HNRNPA1P59	1
HNRNPA1P63	1
HNRNPA2B1	1
HNRNPA3P1	1
HNRNPA3P11	1
HNRNPA3P2	1
HNRNPF	1
HOXA-AS3	1
HP	1
HPCAL1	1
HRAT17	1
hsa-mir-1253	1
hsa-mir-423	1
HSP90AA4P	1
HSP90B1	1
HSPA13	1
HSPB9	1
HSPE1P8	1
HTR3A	1
IARS2P1	1
IFI35	1
IFI6	1
IFITM1	1
IFNA1	1
IFNA13	1
IFNA17	1
IFNA6	1
IFNAR2	1
IFNG	1
IFT80	1
IGBP1P1	1
IGFBP1	1
IGHA2	1
IGHV1-17	1
IGHV1OR15-9	1
IGHV3-30	1
IGHV3-47	1
IGHV3-64	1
IGHV3-64D	1
IGHV3-7	1
IGHV3OR15-7	1
IGHV3OR16-10	1
IGHV3OR16-13	1
IGHV3OR16-15	1
IGHV3OR16-8	1
IGHVII-60-1	1
IGKJ1	1
IGKV1-17	1
IGKV1-5	1
IGKV1-6	1
IGKV1-8	1
IGKV1D-13	1
IGKV1D-33	1
IGKV1OR2-108	1
IGKV2-23	1
IGKV2-28	1
IGKV2-30	1
IGKV2-40	1
IGKV2D-28	1
IGKV2D-29	1
IGKV2D-36	1
IGKV3-11	1
IGKV3-20	1
IGKV3-7	1
IGKV3D-20	1
IGKV3OR2-268	1
IGKV4-1	1
IGLJ7	1
IGLL5	1
IGLV1-36	1
IGLV2-11	1
IGLV2-18	1
IGLV3-10	1
IGLV3-21	1
IL10RB	1
IL15RA	1
IL19	1
IL1R1	1
IL22RA2	1
IL3	1
IL36B	1
IL4I1	1
IL4R	1
INSL6	1
IPO7	1
IQCB1	1
IQCE	1
IQCF6	1
IQSEC3	1
IRS3P	1
ISG15	1
ITLN2	1
IVNS1ABP	1
JPH3	1
JPT2	1
KB-1107E3.1	1
KCNAB1	1
KCNH2	1
KCNH3	1
KCNIP4	1
KCNJ1	1
KCNJ15	1
KCTD20	1
KDM4B	1
KIAA1109	1
KIAA1143	1
KIAA2013	1
KIF11	1
KIF20A	1
KLF4P1	1
KLHDC8B	1
KLHL17	1
KLHL20	1
KLHL41	1
KLLN	1
KLRB1	1
KLRC2	1
KLRD1	1
KLRK1	1
KRT18P2	1
KRT18P34	1
KRT18P4	1
KRT18P58	1
KRT27	1
KRT6A	1
KRT73-AS1	1
KRT8	1
KRT8P18	1
KRT8P32	1
KRT8P9	1
KRTAP19-5	1
KRTAP21-2	1
KRTAP4-3	1
KRTAP4-8	1
KRTAP5-4	1
KRTAP5-8	1
KRTAP9-6	1
KRTCAP2	1
KRTDAP	1
LAMB3	1
LAP3P2	1
LCE1A	1
LCN2	1
LDHAL6A	1
LENG8	1
LEPR	1
LGALS1	1
LGALS3	1
LGALS9C	1
LGMNP1	1
LILRA1	1
LILRA5	1
LIMS1-AS1	1
LINC00115	1
LINC00167	1
LINC00239	1
LINC00294	1
LINC00310	1
LINC00336	1
LINC00402	1
LINC00484	1
LINC00486	1
LINC00519	1
LINC00543	1
LINC00570	1
LINC00578	1
LINC00623	1
LINC00654	1
LINC00680	1
LINC00689	1
LINC00837	1
LINC00880	1
LINC00910	1
LINC01082	1
LINC01088	1
LINC01095	1
LINC01120	1
LINC01168	1
LINC01177	1
LINC01180	1
LINC01197	1
LINC01206	1
LINC01215	1
LINC01230	1
LINC01252	1
LINC01260	1
LINC01271	1
LINC01300	1
LINC01405	1
LINC01431	1
LINC01450	1
LINC01465	1
LINC01485	1
LINC01535	1
LINC01572	1
LINC01582	1
LINC01594	1
LINC01595	1
LINC01661	1
LINC01668	1
LINC01684	1
LINC01723	1
LINC01863	1
LINC01883	1
LINC01894	1
LINC01950	1
LINC01952	1
LINC01975	1
LINC02013	1
LINC02021	1
LINC02169	1
LINC02205	1
LINC02256	1
LINC02261	1
LINC02349	1
LINC02389	1
LINC02442	1
LINC02470	1
LINC02530	1
LINC02535	1
LINC02576	1
LINC02615	1
LINC02684	1
LINC02717	1
LINC02802	1
LINC02818	1
LINC02858	1
LMO3	1
LNPEP	1
LONP1	1
LRRC14	1
LRRC30	1
LRRC37A15P	1
LRRC37A16P	1
LRRC37A4P	1
LRRC74A	1
LRRN4	1
LRRTM2	1
LY6G6C	1
LY86	1
LYPD6B	1
LYPLA2	1
LYZ	1
MAD2L1	1
MAP1LC3P	1
MAPK14	1
MAPK6	1
MAPKAPK3	1
MAPRE1	1
MCM10	1
MCM2	1
MCM4	1
MCM5	1
MCM6	1
MCTS2P	1
MEF2C-AS2	1
METTL26	1
METTL4	1
METTL6	1
METTL7B	1
MGAT1	1
MIR103A1	1
MIR1203	1
MIR1244-2	1
MIR1250	1
MIR1288	1
MIR1291	1
MIR1294	1
MIR143	1
MIR155HG	1
MIR186	1
MIR190B	1
MIR194-2	1
MIR208B	1
MIR29C	1
MIR3131	1
MIR3150A	1
MIR3150BHG	1
MIR3155A	1
MIR3179-2	1
MIR3192	1
MIR3201	1
MIR376A1	1
MIR3935	1
MIR3945	1
MIR4266	1
MIR4270	1
MIR4274	1
MIR4292	1
MIR4315-1	1
MIR4425	1
MIR4435-2HG	1
MIR4436B1	1
MIR4439	1
MIR4447	1
MIR4470	1
MIR4478	1
MIR4503	1
MIR4505	1
MIR4521	1
MIR4535	1
MIR4640	1
MIR4648	1
MIR4658	1
MIR4664	1
MIR4692	1
MIR4700	1
MIR4737	1
MIR4742	1
MIR4749	1
MIR4753	1
MIR4760	1
MIR4787	1
MIR4789	1
MIR5002	1
MIR5008	1
MIR5093	1
MIR5194	1
MIR5195	1
MIR519A1	1
MIR519B	1
MIR519C	1
MIR519D	1
MIR526B	1
MIR548AK	1
MIR548AY	1
MIR5680	1
MIR5685	1
MIR5696	1
MIR5698	1
MIR573	1
MIR6071	1
MIR612	1
MIR6501	1
MIR663AHG	1
MIR6715B	1
MIR6724-2	1
MIR6727	1
MIR6797	1
MIR6823	1
MIR6851	1
MIR6859-2	1
MIR6868	1
MIR6879	1
MIR6880	1
MIR6885	1
MIR762	1
MIR762HG	1
MIR8071-1	1
MIR8083	1
MIR8084	1
MIR8085	1
MKI67	1
MKRN8P	1
MLIP	1
MMEL1	1
MMP2-AS1	1
MMP28	1
MOB2	1
MOB4	1
MOV10L1	1
MPC2	1
MPHOSPH6	1
MRGPRX4	1
MRGPRX9P	1
MSANTD4	1
MSRB2	1
MT1E	1
MT1M	1
MT2A	1
MTATP6P30	1
MTCO1P10	1
MTCO1P14	1
MTCO1P39	1
MTCO2P12	1
MTCO2P2	1
MTCO3P11	1
MTCO3P12	1
MTFP1	1
MTHFD2	1
MTND1P3	1
MTND2P33	1
MTND4P4	1
MTND5P12	1
MTND5P22	1
MTND6P20	1
MTREX	1
MTRF1	1
MTRNR2L1	1
MTRNR2L7	1
MUC1	1
MX2	1
MYH10	1
MYL12B	1
MYL6B	1
MYO16-AS1	1
MYO5C	1
MZT1	1
MZT2B	1
NAA11	1
NABP2	1
NCAPG	1
NCAPH	1
NCKAP1L	1
NCKAP5	1
NCR1	1
NCR3	1
NDUFA4	1
NDUFAF4	1
NDUFB10P1	1
NDUFB2-AS1	1
NDUFB7	1
NDUFC2-KCTD14	1
NDUFV1	1
NEIL3	1
NEK2	1
NFE2	1
NFU1	1
NIBAN1	1
NIPAL1	1
NIPAL4	1
NKG7	1
NLRP12	1
NME4	1
NME6	1
NMNAT1P2	1
NOP58	1
NOS2P4	1
NPAS2	1
NPM1P48	1
NPY4R	1
NR1H4	1
NR1H5P	1
NREP	1
NRG2	1
NRIP2	1
NUB1	1
NUBP2	1
NUBPL	1
NUDT16	1
NUF2	1
NUPR1	1
NUSAP1	1
OAS2	1
OASL	1
OBP2B	1
OPRL1	1
OR10AG1	1
OR11H1	1
OR11H6	1
OR1L8	1
OR4A42P	1
OR4A49P	1
OR4F3	1
OR4M1	1
OR4X7P	1
OR51F2	1
OR51Q1	1
OR52D1	1
OR52E2	1
OR52E8	1
OR52K2	1
OR52R1	1
OR56A5	1
OR5AK2	1
OR5M13P	1
OR6C74	1
ORC3	1
ORC4	1
OSBPL10	1
OTUD1	1
OTUD6B-AS1	1
OTX2-AS1	1
P2RY11	1
P2RY13	1
P3H4	1
PABPC1	1
PABPC4	1
PARP4	1
PAX1	1
PAXBP1-AS1	1
PBK	1
PBOV1	1
PCCA	1
PCDHGA1	1
PCNA	1
PDCD1	1
PDCD11	1
PDCD1LG2	1
PDE1A	1
PDE3B	1
PDE6B	1
PDIA2	1
PDZD9	1
PERM1	1
PGAM5	1
PHAX	1
PHBP8	1
PHPT1	1
PHYKPL	1
PI4KAP1	1
PIBF1	1
PIGY	1
PIK3CA	1
PIK3CD	1
PIKFYVE	1
PINK1-AS	1
PIP	1
PIPOX	1
PISD	1
PITHD1	1
PKMYT1	1
PLA2G2A	1
PLA2G4C-AS1	1
PLAC8	1
PLCB1	1
PLD3	1
PLEKHN1	1
PLPPR2	1
PLSCR1	1
PML	1
PNISR	1
PNPLA8	1
POC1B	1
POLD3	1
POLDIP3	1
POLR1D	1
POLR2E	1
POLR2F	1
POLR2J3	1
POLR2K	1
POLR3E	1
POM121L12	1
POM121L9P	1
POMT1	1
POTEG	1
POU5F1	1
PPA2	1
PPAN-P2RY11	1
PPBP	1
PPIAL4F	1
PPIAP42	1
PPM1J	1
PPP1R12B	1
PPP1R14C	1
PPP1R26	1
PPP6R2P1	1
PRC1	1
PRDM10	1
PRDM16	1
PRDM7	1
PRF1	1
PRICKLE4	1
PRKAG2-AS1	1
PRKAR1B	1
PRMT2	1
PRNT	1
PRPF38B	1
PRR11	1
PRR19	1
PRR20A	1
PRR23A	1
PRR23C	1
PRR5L	1
PRRT1	1
PRRT2	1
PRSS23	1
PSMA3-AS1	1
PSMB1	1
PSMB4	1
PSMB9	1
PSMC1P5	1
PSMC3	1
PSMC3IP	1
PSMC6	1
PSMD6	1
PSME3	1
PTGDR	1
PTPRD	1
PTPRJ-AS1	1
PUS10	1
PVALB	1
PWRN1	1
PWWP2AP1	1
PYCR1	1
PYROXD2	1
RAB26	1
RAB38	1
RAB3A	1
RAB5B	1
RAC1P9	1
RAD1	1
RAP1GAP	1
RAP2B	1
RAPGEF5	1
RASGRP4	1
RASSF1	1
RASSF3	1
RASSF8-AS1	1
RASSF9	1
RAVER1	1
RBM11	1
RBM12	1
RBM8A	1
RBMS1	1
REV3L-IT1	1
RFC4	1
RGS2	1
RGS20	1
RHOQ	1
RIN2	1
RN7SKP117	1
RN7SKP36	1
RN7SKP47	1
RN7SKP62	1
RN7SKP83	1
RN7SL107P	1
RN7SL197P	1
RN7SL260P	1
RN7SL36P	1
RN7SL541P	1
RN7SL543P	1
RN7SL645P	1
RN7SL659P	1
RN7SL786P	1
RN7SL831P	1
RNA5SP209	1
RNA5SP217	1
RNA5SP374	1
RNA5SP390	1
RNA5SP443	1
RNA5SP450	1
RNA5SP474	1
RNA5SP53	1
RNA5SP76	1
RNF135	1
RNF138P2	1
RNF139	1
RNF14	1
RNF141	1
RNF152P1	1
RNF165	1
RNF216P1	1
RNF5P1	1
RNH1	1
RNU1-103P	1
RNU1-34P	1
RNU1-70P	1
RNU1-74P	1
RNU11	1
RNU2-4P	1
RNU4-32P	1
RNU4-59P	1
RNU4-72P	1
RNU6-1005P	1
RNU6-1020P	1
RNU6-1021P	1
RNU6-1026P	1
RNU6-103P	1
RNU6-1046P	1
RNU6-1055P	1
RNU6-1057P	1
RNU6-1068P	1
RNU6-1075P	1
RNU6-1077P	1
RNU6-1096P	1
RNU6-10P	1
RNU6-1101P	1
RNU6-1103P	1
RNU6-1190P	1
RNU6-1197P	1
RNU6-1226P	1
RNU6-1227P	1
RNU6-1236P	1
RNU6-1237P	1
RNU6-1276P	1
RNU6-128P	1
RNU6-145P	1
RNU6-175P	1
RNU6-17P	1
RNU6-191P	1
RNU6-196P	1
RNU6-2	1
RNU6-232P	1
RNU6-235P	1
RNU6-23P	1
RNU6-246P	1
RNU6-258P	1
RNU6-301P	1
RNU6-307P	1
RNU6-311P	1
RNU6-324P	1
RNU6-325P	1
RNU6-327P	1
RNU6-33P	1
RNU6-356P	1
RNU6-376P	1
RNU6-387P	1
RNU6-406P	1
RNU6-416P	1
RNU6-432P	1
RNU6-43P	1
RNU6-441P	1
RNU6-451P	1
RNU6-452P	1
RNU6-455P	1
RNU6-468P	1
RNU6-473P	1
RNU6-476P	1
RNU6-47P	1
RNU6-486P	1
RNU6-488P	1
RNU6-489P	1
RNU6-538P	1
RNU6-56P	1
RNU6-571P	1
RNU6-572P	1
RNU6-637P	1
RNU6-674P	1
RNU6-738P	1
RNU6-75P	1
RNU6-8	1
RNU6-80P	1
RNU6-82P	1
RNU6-865P	1
RNU6-873P	1
RNU6-879P	1
RNU6-893P	1
RNU6-904P	1
RNU6-90P	1
RNU6-921P	1
RNU6-926P	1
RNU6-931P	1
RNU6-945P	1
RNU6-948P	1
RNU6-949P	1
RNU6-956P	1
RNU6-973P	1
RNU6-989P	1
RNU6ATAC5P	1
RNU7-116P	1
RNU7-128P	1
RNU7-12P	1
RNU7-153P	1
RNU7-172P	1
RNVU1-19	1
RNVU1-4	1
RNVU1-6	1
RNVU1-7	1
RNVU1-8	1
RNY1	1
RP1-140K8.2	1
RP1-153P14.3	1
RP1-15D23.2	1
RP1-63P18.2	1
RP11-1036E20.9	1
RP11-104J23.2	1
RP11-1070N10.3	1
RP11-108K3.2	1
RP11-10O17.1	1
RP11-10O22.1	1
RP11-1143G9.4	1
RP11-115J16.2	1
RP11-115J16.3	1
RP11-116K4.1	1
RP11-11A9.2	1
RP11-1260E13.1	1
RP11-12A20.8	1
RP11-12J10.3	1
RP11-133K1.6	1
RP11-134G8.2	1
RP11-134L4.2	1
RP11-136O12.2	1
RP11-137H2.4	1
RP11-1398P2.1	1
RP11-141M1.3	1
RP11-144A16.5	1
RP11-144F15.1	1
RP11-147L13.11	1
RP11-147L13.13	1
RP11-14I2.2	1
RP11-150C16.2	1
RP11-150O12.2	1
RP11-150O12.3	1
RP11-151A6.4	1
RP11-154H23.3	1
RP11-155G14.5	1
RP11-158D2.1	1
RP11-15H20.2	1
RP11-15M15.2	1
RP11-160N1.11	1
RP11-161H23.5	1
RP11-162D9.3	1
RP11-167N4.4	1
RP11-16C18.3	1
RP11-170K4.2	1
RP11-175K6.2	1
RP11-177H13.2	1
RP11-180P8.1	1
RP11-190A12.9	1
RP11-195C7.3	1
RP11-196G11.6	1
RP11-1C8.5	1
RP11-203F10.1	1
RP11-206P5.1	1
RP11-209K10.2	1
RP11-20I23.5	1
RP11-20J15.2	1
RP11-20J15.3	1
RP11-212I21.3	1
RP11-216M21.5	1
RP11-232A1.2	1
RP11-23N2.4	1
RP11-247A12.1	1
RP11-247C2.2	1
RP11-249L21.6	1
RP11-250B2.5	1
RP11-252H14.1	1
RP11-259O18.5	1
RP11-25G10.2	1
RP11-25J23.4	1
RP11-26K22.2	1
RP11-275H4.1	1
RP11-275I4.1	1
RP11-284F21.8	1
RP11-285A1.1	1
RP11-286H15.1	1
RP11-288I21.1	1
RP11-288L9.4	1
RP11-295G20.2	1
RP11-295K3.2	1
RP11-296E7.1	1
RP11-299J5.1	1
RP11-29G8.3	1
RP11-2A4.4	1
RP11-301G19.1	1
RP11-303E16.7	1
RP11-308N19.3	1
RP11-314M24.1	1
RP11-319G6.3	1
RP11-321C24.4	1
RP11-322M19.5	1
RP11-325I22.4	1
RP11-331G2.6	1
RP11-333A23.3	1
RP11-334J6.7	1
RP11-335E8.2	1
RP11-335O13.8	1
RP11-337N6.2	1
RP11-338K17.5	1
RP11-338L22.3	1
RP11-33M22.4	1
RP11-342A23.2	1
RP11-343P9.1	1
RP11-346I3.5	1
RP11-347C12.8	1
RP11-350N15.4	1
RP11-351C8.1	1
RP11-352J13.1	1
RP11-354M13.1	1
RP11-355N15.3	1
RP11-357F12.2	1
RP11-359E3.4	1
RP11-361A23.2	1
RP11-362K2.2	1
RP11-363D14.1	1
RP11-368L12.1	1
RP11-370I10.11	1
RP11-370K11.1	1
RP11-375N15.2	1
RP11-379F4.8	1
RP11-37B2.1	1
RP11-380F14.2	1
RP11-385A18.1	1
RP11-387H17.4	1
RP11-389G6.4	1
RP11-38M8.1	1
RP11-390K5.6	1
RP11-392O17.3	1
RP11-395B7.2	1
RP11-397P13.9	1
RP11-399J13.2	1
RP11-3P17.5	1
RP11-400F1.2	1
RP11-401E14.3	1
RP11-403I13.5	1
RP11-404F10.2	1
RP11-408E5.4	1
RP11-411B10.2	1
RP11-421L21.3	1
RP11-428J1.6	1
RP11-430G17.4	1
RP11-432M8.7	1
RP11-433A10.3	1
RP11-433J22.2	1
RP11-438H24.3	1
RP11-440L14.1	1
RP11-445J9.1	1
RP11-445K13.3	1
RP11-445O3.2	1
RP11-445P19.2	1
RP11-44K6.2	1
RP11-451O13.1	1
RP11-452L6.5	1
RP11-453O5.1	1
RP11-457P14.6	1
RP11-45A16.4	1
RP11-45H22.3	1
RP11-463M14.1	1
RP11-465C12.1	1
RP11-468E2.1	1
RP11-46A10.5	1
RP11-471M2.3	1
RP11-474D1.4	1
RP11-474G23.3	1
RP11-483E23.5	1
RP11-483K5.3	1
RP11-488C13.8	1
RP11-488L18.1	1
RP11-48B3.3	1
RP11-495P10.3	1
RP11-497D24.1	1
RP11-497D6.5	1
RP11-499E18.1	1
RP11-503C24.1	1
RP11-503C24.4	1
RP11-503G7.1	1
RP11-505E24.2	1
RP11-507F16.1	1
RP11-50B3.4	1
RP11-513I15.6	1
RP11-517P14.7	1
RP11-521C20.1	1
RP11-529H20.3	1
RP11-52A20.2	1
RP11-543B16.1	1
RP11-548B3.3	1
RP11-54F2.1	1
RP11-551L14.4	1
RP11-552F3.12	1
RP11-553P9.1	1
RP11-554D15.3	1
RP11-555M1.3	1
RP11-567M16.2	1
RP11-56P9.10	1
RP11-574O16.2	1
RP11-578F21.4	1
RP11-57G10.8	1
RP11-586K2.1	1
RP11-588H23.3	1
RP11-58C22.2	1
RP11-598O8.1	1
RP11-5C23.1	1
RP11-603J24.9	1
RP11-609L23.3	1
RP11-60L3.2	1
RP11-615I2.3	1
RP11-62H7.3	1
RP11-631N16.2	1
RP11-63E16.1	1
RP11-643C9.2	1
RP11-644A7.3	1
RP11-649A16.1	1
RP11-660L16.2	1
RP11-667F14.1	1
RP11-66B24.9	1
RP11-680F8.1	1
RP11-680F8.4	1
RP11-69I8.3	1
RP11-701H24.4	1
RP11-707O23.1	1
RP11-708L7.7	1
RP11-70C1.3	1
RP11-738B7.1	1
RP11-739N10.1	1
RP11-758N13.3	1
RP11-760H22.2	1
RP11-774I5.1	1
RP11-77K12.9	1
RP11-789C17.3	1
RP11-792A8.4	1
RP11-792A8.5	1
RP11-79E3.3	1
RP11-806L2.4	1
RP11-806L2.5	1
RP11-81A22.4	1
RP11-830F9.7	1
RP11-83B20.5	1
RP11-84A19.2	1
RP11-85O21.2	1
RP11-864I4.3	1
RP11-867G2.8	1
RP11-867G23.1	1
RP11-87G24.3	1
RP11-91K11.2	1
RP11-91P24.3	1
RP11-93G23.2	1
RP11-951I11.5	1
RP11-96K14.1	1
RP11-96K19.4	1
RP11-98G13.1	1
RP13-238F13.3	1
RP13-395E19.2	1
RP13-487K5.1	1
RP3-331H24.5	1
RP3-355L5.4	1
RP3-368B9.2	1
RP3-375P9.2	1
RP3-425C14.7	1
RP3-476K8.4	1
RP4-555L14.4	1
RP4-584D14.7	1
RP4-592A1.4	1
RP4-604P14.2	1
RP4-640E24.1	1
RP4-796B4.3	1
RP5-1024G6.5	1
RP5-1024N4.2	1
RP5-1029F21.2	1
RP5-1065J22.4	1
RP5-1097P24.1	1
RP5-1165K10.2	1
RP5-1166H10.4	1
RP5-864K19.7	1
RP5-879K22.2	1
RPL10P10	1
RPL10P16	1
RPL10P7	1
RPL10P8	1
RPL12P5	1
RPL17P36	1
RPL27AP4	1
RPL28P2	1
RPL32P4	1
RPL9P6	1
RPS26P20	1
RPS27AP16	1
RPS28P4	1
RPS3AP38	1
RPS3AP7	1
RPSAP17	1
RPSAP38	1
RPSAP56	1
RRAS	1
RRBP1	1
RRM1	1
RRM2	1
RRP1	1
RRP7A	1
RRP9	1
RSF1-IT1	1
RTP5	1
RUSC2	1
S100A12	1
S100A8	1
S1PR5	1
SAMD11	1
SAMD4A	1
SAPCD2P2	1
SARS1	1
SC5D	1
SCARNA1	1
SCARNA12	1
SCARNA16	1
SCARNA17	1
SCARNA18	1
SCD	1
SCGB3A1	1
SCLY	1
SDCBP2-AS1	1
SEC61A1	1
SELL	1
SEPHS1P6	1
SERPINB7	1
SFTPA3P	1
SH2D3C	1
SH3BP5	1
SHC1	1
SHISA8	1
SIGLEC10	1
SIGLEC14	1
SILC1	1
SLAMF7	1
SLC11A2	1
SLC12A7	1
SLC16A10	1
SLC16A12	1
SLC16A3	1
SLC1A1	1
SLC1A7	1
SLC22A25	1
SLC25A1	1
SLC25A39	1
SLC25A42	1
SLC25A5P1	1
SLC26A4	1
SLC26A8	1
SLC32A1	1
SLC35A1	1
SLC35A4	1
SLC35B1	1
SLC35F6	1
SLC35G2	1
SLC44A4	1
SLC46A3	1
SLC5A1	1
SLC5A2	1
SLC7A7	1
SLC8A1	1
SLC9A3-AS1	1
SLC9B2	1
SLITRK5	1
SLITRK6	1
SMG1P2	1
SMIM24	1
SMNDC1	1
SNAPC4	1
SNHG11	1
SNHG28	1
SNHG6	1
SNORA16A	1
SNORA18	1
SNORA31	1
SNORA44	1
SNORA47	1
SNORA70C	1
SNORA70G	1
SNORA71B	1
SNORA74A	1
SNORD114-13	1
SNORD114-3	1
SNORD115	1
SNORD115-27	1
SNORD115-31	1
SNORD116-13	1
SNORD116-9	1
SNORD15A	1
SNORD15B	1
SNORD17	1
SNORD18	1
SNORD33	1
SNORD36C	1
SNORD3C	1
SNORD49B	1
SNORD51	1
SNORD57	1
SNORD65	1
SNORD71	1
snoZ196	1
SNRNP35	1
SNRPB	1
SNX20	1
SNX24	1
SORBS2	1
SOX14	1
SPATA31D1	1
SPATA31D5P	1
SPCS2	1
SPINK5	1
SPINK6	1
SPINT2	1
SPIRE2	1
SPRY1	1
SPTLC3	1
SPTSSB	1
SRP68P2	1
SRR	1
SRSF12	1
SRSF5	1
SS18L2	1
SSH1	1
SSR2	1
ST6GALNAC1	1
ST7-AS1	1
STIM1	1
STK19B	1
STKLD1	1
STX11	1
STXBP3	1
SUCLG2	1
SUMO3	1
SUSD3	1
SYNE3	1
SYT10	1
SYT3	1
SYT4	1
TAF7	1
TAP1	1
TARDBP	1
TAS2R18	1
TBC1D10A	1
TBC1D14	1
TBC1D3H	1
TBX21	1
TCAF2C	1
TCEA1P3	1
TCF7	1
TEX9	1
THOC7	1
TIGIT	1
TIMM9P3	1
TLCD3A	1
TLX1NB	1
TMA7	1
TMEM106C	1
TMEM120B	1
TMEM132D-AS2	1
TMEM161B-AS1	1
TMEM170A	1
TMEM177	1
TMEM219	1
TMEM225B	1
TMEM258	1
TMEM263	1
TMEM30A-DT	1
TMEM38A	1
TMEM42	1
TMEM52	1
TMEM53	1
TMEM70	1
TMEM72	1
TMEM88	1
TMSB10	1
TNFAIP3	1
TNFRSF6B	1
TOMM20	1
TOMM22	1
TOPORSLP	1
TOR1A	1
TP53BP1	1
TP53INP2	1
TPGS2	1
TPT1	1
TPX2	1
TRAF3IP2-AS1	1
TRAF3IP3	1
TRAJ59	1
TRAV1-2	1
TRAV10	1
TRAV12-1	1
TRAV12-3	1
TRAV13-1	1
TRAV13-2	1
TRAV17	1
TRAV18	1
TRAV21	1
TRAV26-1	1
TRAV26-2	1
TRAV27	1
TRAV28	1
TRAV3	1
TRAV4	1
TRAV7	1
TRAV8-3	1
TRBJ1-3	1
TRBJ2-1	1
TRBJ2-2	1
TRBJ2-3	1
TRBV10-1	1
TRBV11-1	1
TRBV12-1	1
TRBV12-3	1
TRBV19	1
TRBV21-1	1
TRBV5-1	1
TRBV5-3	1
TRBV5-6	1
TRBV5-7	1
TRBV6-2	1
TRBV6-5	1
TRBV6-6	1
TRBV7-2	1
TRBV7-9	1
TRDN	1
TRGV1	1
TRGV10	1
TRGV5	1
TRIM10	1
TRIM22	1
TRIM24	1
TRIM38	1
TRIM44	1
TRIM49	1
TRIM49B	1
TRIM49C	1
TRIM54	1
TRIM59	1
TRIM73	1
TRMT112	1
TRMT61B	1
TSEN34	1
TSEN54	1
TSFM	1
TSTD3	1
TTC16	1
TTC21B	1
TTC22	1
TTC34	1
TTC39C	1
TTK	1
TTLL12	1
TTLL9	1
TUBA4B	1
TUBB4A	1
TUBGCP5	1
TYW1	1
U1	1
U2	1
U2AF1L4	1
U2AF1L5	1
U6	1
U91328.19	1
UBE2C	1
UBE2E1	1
UBE2E3	1
UBE2H	1
UBE2J1	1
UBE2QL1	1
UBE2S	1
UBE2T	1
UBOX5	1
UBXN1	1
UCP1	1
URGCP-MRPS24	1
USP12P1	1
USP17L20	1
USP18	1
USP44	1
VAMP1	1
VARS2	1
VASP	1
VCAM1	1
VCP	1
VCPIP1	1
VILL	1
VMO1	1
VMP1	1
VN1R12P	1
VN1R13P	1
VN1R85P	1
VNN1	1
VNN2	1
VNN3	1
VPREB1	1
VPS11	1
VPS13A	1
VPS13D	1
VPS18	1
VPS26A	1
VPS26C	1
VPS37A	1
VPS8	1
VPS9D1-AS1	1
VWA1	1
VWDE	1
VWF	1
WAC	1
WAC-AS1	1
WARS2-AS1	1
WASH7P	1
WASH9P	1
WDCP	1
WDFY3	1
WDR11	1
WDR18	1
WDR33	1
WDR36	1
WDR37	1
WDR38	1
WDR43	1
WDR45B	1
WDR45P1	1
WDR46	1
WDR47	1
WDR5B	1
WDR74	1
WIZ	1
WNK1	1
WNK2	1
WNT2	1
WNT3	1
WNT3A	1
WNT5A	1
XKR3	1
XKR4	1
XKR6	1
XKR8	1
XPA	1
XPO1	1
XPO5	1
XX-FYM637E10_5.1	1
XXbac-BPG299F13.15	1
YBX2	1
YBX3	1
YOD1	1
yR211F11.2	1
YTHDC1	1
YTHDF3	1
YWHAE	1
YWHAEP1	1
YWHAEP5	1
YWHAEP7	1
YWHAZ	1
ZAP70	1
ZAR1	1
ZBED2	1
ZBED3	1
ZBED4	1
ZBED6	1
ZBTB16	1
ZBTB22	1
ZBTB47	1
ZBTB48	1
ZBTB9	1
ZCCHC10	1
ZDHHC11B	1
ZDHHC20	1
ZDHHC24	1
ZFHX3	1
ZFP30	1
ZFP42	1
ZFP57	1
ZGPAT	1
ZKSCAN5	1
ZKSCAN7	1
ZMAT2	1
ZMYND11	1
ZNF101	1
ZNF117	1
ZNF12	1
ZNF148	1
ZNF160	1
ZNF165	1
ZNF18	1
ZNF184	1
ZNF189	1
ZNF200	1
ZNF204P	1
ZNF22	1
ZNF224	1
ZNF23	1
ZNF236	1
ZNF250	1
ZNF28	1
ZNF286B	1
ZNF292	1
ZNF355P	1
ZNF362	1
ZNF384	1
ZNF44	1
ZNF445	1
ZNF469	1
ZNF473	1
ZNF483	1
ZNF500	1
ZNF516-AS1	1
ZNF540	1
ZNF547	1
ZNF567	1
ZNF587	1
ZNF593	1
ZNF605	1
ZNF616	1
ZNF629	1
ZNF682	1
ZNF714	1
ZNF747	1
ZNF763	1
ZNF804A	1
ZNF826P	1
ZNF837	1
ZNF880	1
ZNF93	1
ZNHIT3	1
ZNRF3	1
ZSCAN9	1
ZWINT	1
