"","condition","model_1","model_2","paired","t","df","p","p_adj_BH","p_adj_bonf"
"1","KD","EXTRATREES_accuracy","GLMNETLasso_accuracy",TRUE,-0.204297941896214,49,0.838966877459957,0.862937359673099,1
"2","KD","EXTRATREES_accuracy","GLMNETRidge_accuracy",TRUE,-1.37878787878787,49,0.174222274497441,0.224000067210996,1
"3","KD","EXTRATREES_accuracy","NNET_accuracy",TRUE,-1.78173092440542,49,0.0809908729383741,0.124798450394077,1
"4","KD","EXTRATREES_accuracy","RF_accuracy",TRUE,1.22683309945767,49,0.225747684101119,0.262158600891623,1
"5","KD","GLMNETLasso_accuracy","GLMNETRidge_accuracy",TRUE,-1.32956384274169,49,0.189818829021347,0.235637167060983,1
"6","KD","GLMNETLasso_accuracy","NNET_accuracy",TRUE,-1.84276339652469,49,0.0714175325614758,0.12017706665543,1
"7","KD","GLMNETLasso_accuracy","RF_accuracy",TRUE,0.952701531066471,49,0.345417484284525,0.376819073764936,1
"8","KD","GLMNETRidge_accuracy","NNET_accuracy",TRUE,-0.649933683619689,49,0.518770614605511,0.549286533111717,1
"9","KD","GLMNETRidge_accuracy","RF_accuracy",TRUE,2.35364530969792,49,0.0226458037387687,0.0407624467297836,0.815248934595672
"10","KD","NNET_accuracy","RF_accuracy",TRUE,2.62124711513852,49,0.0116365513552291,0.0246421087522499,0.418915848788248
"11","KD","claude_informed_accuracy","EXTRATREES_accuracy",TRUE,-22.6896234277953,49,1.20349131018203e-27,2.16628435832766e-26,4.33256871665532e-26
"12","KD","claude_informed_accuracy","GLMNETLasso_accuracy",TRUE,-19.7843245179527,49,5.1790774137701e-25,2.66352552708177e-24,1.86446786895724e-23
"13","KD","claude_informed_accuracy","GLMNETRidge_accuracy",TRUE,-22.0683569164306,49,4.16497052449303e-27,3.74847347204372e-26,1.49938938881749e-25
"14","KD","claude_informed_accuracy","NNET_accuracy",TRUE,-21.7915872783853,49,7.30864942407818e-27,4.38518965444691e-26,2.63111379266815e-25
"15","KD","claude_informed_accuracy","RF_accuracy",TRUE,-21.8967022652831,49,5.89908617654988e-27,4.24734204711592e-26,2.12367102355796e-25
"16","KD","claude_naive_accuracy","EXTRATREES_accuracy",TRUE,-17.421305982179,49,1.23058012272385e-22,4.0273531289144e-22,4.43008844180584e-21
"17","KD","claude_naive_accuracy","GLMNETLasso_accuracy",TRUE,-18.8615249255393,49,4.1211662284396e-24,1.64846649137584e-23,1.48361984223825e-22
"18","KD","claude_naive_accuracy","GLMNETRidge_accuracy",TRUE,-18.6495822888054,49,6.70915259562918e-24,2.41529493442651e-23,2.41529493442651e-22
"19","KD","claude_naive_accuracy","NNET_accuracy",TRUE,-22.0977242991604,49,3.92505162777403e-27,3.74847347204372e-26,1.41301858599865e-25
"20","KD","claude_naive_accuracy","RF_accuracy",TRUE,-17.2542029603246,49,1.84938030685092e-22,5.54814092055277e-22,6.65776910466333e-21
"21","KD","claude_naive_accuracy","claude_informed_accuracy",TRUE,1.62823888915329,49,0.10988791917577,0.146517225567693,1
"22","KD","gpt_informed_accuracy","EXTRATREES_accuracy",TRUE,-1.82930924701048,49,0.0734415407338736,0.12017706665543,1
"23","KD","gpt_informed_accuracy","GLMNETLasso_accuracy",TRUE,-1.68005376258061,49,0.099312445180962,0.137509539481332,1
"24","KD","gpt_informed_accuracy","GLMNETRidge_accuracy",TRUE,-2.5258160731619,49,0.0148259715186824,0.0284966756858901,0.533734974672568
"25","KD","gpt_informed_accuracy","NNET_accuracy",TRUE,-2.89265136824963,49,0.00568422481474049,0.0127895058331661,0.204632093330658
"26","KD","gpt_informed_accuracy","RF_accuracy",TRUE,-1.17359036331672,49,0.24623217200208,0.277011193502339,1
"27","KD","gpt_informed_accuracy","claude_informed_accuracy",TRUE,19.4998361024595,49,9.73680542722999e-25,4.38156244225349e-24,3.5052499538028e-23
"28","KD","gpt_informed_accuracy","claude_naive_accuracy",TRUE,14.4432019625346,49,2.75322323431255e-19,7.07971688823226e-19,9.91160364352517e-18
"29","KD","gpt_informed_accuracy","gpt_naive_accuracy",TRUE,-0.138989056460889,49,0.890028472115679,0.890028472115679,1
"30","KD","gpt_naive_accuracy","EXTRATREES_accuracy",TRUE,-1.76851903423969,49,0.0831989669293845,0.124798450394077,1
"31","KD","gpt_naive_accuracy","GLMNETLasso_accuracy",TRUE,-1.69511253194407,49,0.0964008146674219,0.137509539481332,1
"32","KD","gpt_naive_accuracy","GLMNETRidge_accuracy",TRUE,-2.52010638735952,49,0.0150399121675531,0.0284966756858901,0.541436838031912
"33","KD","gpt_naive_accuracy","NNET_accuracy",TRUE,-3.01404561839417,49,0.00407423901911017,0.00977817364586442,0.146672604687966
"34","KD","gpt_naive_accuracy","RF_accuracy",TRUE,-1.27945342003159,49,0.206762819338412,0.248115383206094,1
"35","KD","gpt_naive_accuracy","claude_informed_accuracy",TRUE,23.843106083481,49,1.29168197464805e-28,4.65005510873298e-27,4.65005510873298e-27
"36","KD","gpt_naive_accuracy","claude_naive_accuracy",TRUE,15.3267537474021,49,2.51713850878579e-20,6.97053740894527e-20,9.06169863162886e-19
"37","KD","EXTRATREES_accuracy","GLMNETLasso_accuracy",FALSE,-0.166962710572337,97.2169911008184,0.867746180941438,0.892538928968336,1
"38","KD","EXTRATREES_accuracy","GLMNETRidge_accuracy",FALSE,-1.18261630325429,97.3628026346418,0.239841198992149,0.308367255847048,1
"39","KD","EXTRATREES_accuracy","NNET_accuracy",FALSE,-1.63128153616043,97.4841221913708,0.106057541310904,0.166003108138807,1
"40","KD","EXTRATREES_accuracy","RF_accuracy",FALSE,0.658504607868514,97.9953574170146,0.511758123026895,0.558281588756613,1
"41","KD","GLMNETLasso_accuracy","GLMNETRidge_accuracy",FALSE,-0.951269956381744,95.2657698895156,0.343874590492808,0.39933823412068,1
"42","KD","GLMNETLasso_accuracy","NNET_accuracy",FALSE,-1.37893812961915,95.5108059333775,0.171134630439119,0.228179507252159,1
"43","KD","GLMNETLasso_accuracy","RF_accuracy",FALSE,0.795551875882129,97.0945425597197,0.428233162866813,0.481762308225165,1
"44","KD","GLMNETRidge_accuracy","NNET_accuracy",FALSE,-0.472498641568363,97.9934089899584,0.637621532329209,0.675128681289751,1
"45","KD","GLMNETRidge_accuracy","RF_accuracy",FALSE,1.87182316975098,97.4654602964806,0.0642296995395686,0.115613459171223,1
"46","KD","NNET_accuracy","RF_accuracy",FALSE,2.31950253844111,97.5763017171151,0.0224526855882176,0.0425419305882018,0.808296681175835
"47","KD","claude_informed_accuracy","EXTRATREES_accuracy",FALSE,-22.1551099729408,75.1191059607609,1.12563688982641e-34,1.01307320084377e-33,4.05229280337506e-33
"48","KD","claude_informed_accuracy","GLMNETLasso_accuracy",FALSE,-21.7959881661638,79.2605279079722,3.21854461944629e-35,4.13764082183794e-34,1.15867606300067e-33
"49","KD","claude_informed_accuracy","GLMNETRidge_accuracy",FALSE,-23.3107795661061,71.6930913872897,3.44803401819829e-35,4.13764082183794e-34,1.24129224655138e-33
"50","KD","claude_informed_accuracy","NNET_accuracy",FALSE,-23.5702922578193,72.0247348821958,1.37703533407364e-35,4.13764082183794e-34,4.95732720266509e-34
"51","KD","claude_informed_accuracy","RF_accuracy",FALSE,-21.7491512819976,74.8159610375384,4.45939992597951e-34,3.21076794670525e-33,1.60538397335262e-32
"52","KD","claude_naive_accuracy","EXTRATREES_accuracy",FALSE,-19.0952247487938,72.8337230970433,4.50035991855233e-30,1.47284506425349e-29,1.62012957067884e-28
"53","KD","claude_naive_accuracy","GLMNETLasso_accuracy",FALSE,-18.8287997532675,76.773748728046,1.68218876705817e-30,6.05587956140942e-30,6.05587956140942e-29
"54","KD","claude_naive_accuracy","GLMNETRidge_accuracy",FALSE,-20.1385782529993,69.6267873860646,9.43743272715571e-31,3.77497309086228e-30,3.39747578177606e-29
"55","KD","claude_naive_accuracy","NNET_accuracy",FALSE,-20.393425074813,69.9354766466886,3.76257756341303e-31,1.69315990353586e-30,1.35452792282869e-29
"56","KD","claude_naive_accuracy","RF_accuracy",FALSE,-18.7002672523757,72.5482444207409,1.82938240304551e-29,5.48814720913653e-29,6.58577665096384e-28
"57","KD","claude_naive_accuracy","claude_informed_accuracy",FALSE,1.75378634631502,97.7237820354652,0.0826023082470651,0.141603956994969,1
"58","KD","gpt_informed_accuracy","EXTRATREES_accuracy",FALSE,-1.51751793943842,82.6224467632952,0.132953106398833,0.18408891655223,1
"59","KD","gpt_informed_accuracy","GLMNETLasso_accuracy",FALSE,-1.60509934431063,87.0081939841508,0.112095655561277,0.167688979402253,1
"60","KD","gpt_informed_accuracy","GLMNETRidge_accuracy",FALSE,-2.42745730072255,78.7110428523573,0.0174888243035587,0.0349776486071173,0.629597674928112
"61","KD","gpt_informed_accuracy","NNET_accuracy",FALSE,-2.75885027705909,79.0996148691718,0.00720338051202104,0.0162076061520473,0.259321698432757
"62","KD","gpt_informed_accuracy","RF_accuracy",FALSE,-1.02466842063621,82.2859544171453,0.308522579328204,0.371712891873208,1
"63","KD","gpt_informed_accuracy","claude_informed_accuracy",FALSE,17.9753547145786,95.6090007322378,2.00640102044873e-32,1.03186338194506e-31,7.22304367361544e-31
"64","KD","gpt_informed_accuracy","claude_naive_accuracy",FALSE,15.5384460015667,93.8779893471984,1.07555986066546e-27,2.7657253559969e-27,3.87201549839566e-26
"65","KD","gpt_informed_accuracy","gpt_naive_accuracy",FALSE,-0.120671720755915,94.3377950850793,0.904207700488687,0.904207700488687,1
"66","KD","gpt_naive_accuracy","EXTRATREES_accuracy",FALSE,-1.58477325701522,91.9654214808448,0.116450680140453,0.167688979402253,1
"67","KD","gpt_naive_accuracy","GLMNETLasso_accuracy",FALSE,-1.67535723751923,95.2369476490275,0.0971446359238828,0.158963949693626,1
"68","KD","gpt_naive_accuracy","GLMNETRidge_accuracy",FALSE,-2.64037293403209,88.3645365154594,0.00979065173857586,0.0207331448581606,0.352463462588731
"69","KD","gpt_naive_accuracy","NNET_accuracy",FALSE,-3.02031068299058,88.7474516993719,0.00329784164441145,0.00791481994658749,0.118722299198812
"70","KD","gpt_naive_accuracy","RF_accuracy",FALSE,-1.02138290406212,91.6789020573294,0.309760743227673,0.371712891873208,1
"71","KD","gpt_naive_accuracy","claude_informed_accuracy",FALSE,19.4762446292432,87.6066903339558,1.38319071021461e-33,8.29914426128768e-33,4.97948655677261e-32
"72","KD","gpt_naive_accuracy","claude_naive_accuracy",FALSE,16.7651303729777,85.0360865277761,1.08438917816828e-28,3.00292387800446e-28,3.9038010414058e-27
"73","MECFS","EXTRATREES_accuracy","GLMNETLasso_accuracy",TRUE,-0.386162106631366,49,0.701048325584118,0.901347847179581,1
"74","MECFS","EXTRATREES_accuracy","GLMNETRidge_accuracy",TRUE,-3.05594887545779,49,0.00362559063980136,0.00870141753552326,0.130521263032849
"75","MECFS","EXTRATREES_accuracy","NNET_accuracy",TRUE,-0.0845832672526772,49,0.932937344201558,0.987816011507532,1
"76","MECFS","EXTRATREES_accuracy","RF_accuracy",TRUE,-0.747156121061514,49,0.458539786063139,0.611386381417518,1
"77","MECFS","GLMNETLasso_accuracy","GLMNETRidge_accuracy",TRUE,-2.42259053983322,49,0.0191529673756949,0.0430941765953135,0.689506825525016
"78","MECFS","GLMNETLasso_accuracy","NNET_accuracy",TRUE,0.248577288479957,49,0.804726689407656,0.965687107311172,1
"79","MECFS","GLMNETLasso_accuracy","RF_accuracy",TRUE,7.76911095298862e-15,49,0.999999999999994,0.999999999999994,1
"80","MECFS","GLMNETRidge_accuracy","NNET_accuracy",TRUE,2.24971678880988,49,0.0289925444757754,0.0579850889515508,1
"81","MECFS","GLMNETRidge_accuracy","RF_accuracy",TRUE,2.3016719836535,49,0.0256451813257002,0.0543074428073652,0.923226527725209
"82","MECFS","NNET_accuracy","RF_accuracy",TRUE,-0.207961568857805,49,0.836120943954142,0.965687107311172,1
"83","MECFS","claude_informed_accuracy","EXTRATREES_accuracy",TRUE,-3.80200272519127,49,0.000398036477512528,0.00119410943253758,0.014329313190451
"84","MECFS","claude_informed_accuracy","GLMNETLasso_accuracy",TRUE,-4.25398342879352,49,9.42295300294689e-05,0.000368060350993592,0.00339226308106088
"85","MECFS","claude_informed_accuracy","GLMNETRidge_accuracy",TRUE,-5.94743327803019,49,2.81989326186045e-07,4.28705876769015e-06,1.01516157426976e-05
"86","MECFS","claude_informed_accuracy","NNET_accuracy",TRUE,-4.22891659168549,49,0.000102238986387109,0.000368060350993592,0.00368060350993592
"87","MECFS","claude_informed_accuracy","RF_accuracy",TRUE,-3.80843480730597,49,0.00039014579615941,0.00119410943253758,0.0140452486617387
"88","MECFS","claude_naive_accuracy","EXTRATREES_accuracy",TRUE,-5.6370510357931,49,8.43848264075018e-07,7.59463437667516e-06,3.03785375067007e-05
"89","MECFS","claude_naive_accuracy","GLMNETLasso_accuracy",TRUE,-5.88062598890422,49,3.57254897307512e-07,4.28705876769015e-06,1.28611763030704e-05
"90","MECFS","claude_naive_accuracy","GLMNETRidge_accuracy",TRUE,-7.32936048125598,49,2.05225873883779e-09,7.38813145981606e-08,7.38813145981606e-08
"91","MECFS","claude_naive_accuracy","NNET_accuracy",TRUE,-5.00636722603534,49,7.5689610490758e-06,3.8926085395247e-05,0.000272482597766729
"92","MECFS","claude_naive_accuracy","RF_accuracy",TRUE,-5.37464757268874,49,2.11592785942695e-06,1.52346805878741e-05,7.61734029393703e-05
"93","MECFS","claude_naive_accuracy","claude_informed_accuracy",TRUE,-1.4055978710042,49,0.166152794694373,0.230057715730671,1
"94","MECFS","gpt_informed_accuracy","EXTRATREES_accuracy",TRUE,-1.86985546921801,49,0.0674846239048971,0.101226935857346,1
"95","MECFS","gpt_informed_accuracy","GLMNETLasso_accuracy",TRUE,-2.16895920463007,49,0.0349668798994715,0.0662530355989987,1
"96","MECFS","gpt_informed_accuracy","GLMNETRidge_accuracy",TRUE,-4.36115583266661,49,6.6349850184288e-05,0.000298574325829296,0.00238859460663437
"97","MECFS","gpt_informed_accuracy","NNET_accuracy",TRUE,-2.0067266576234,49,0.0503130890044046,0.0862510097218365,1
"98","MECFS","gpt_informed_accuracy","RF_accuracy",TRUE,-2.03067925148534,49,0.0477324627373165,0.0859184329271697,1
"99","MECFS","gpt_informed_accuracy","claude_informed_accuracy",TRUE,1.92904300702905,49,0.0595278760597061,0.0931740668760617,1
"100","MECFS","gpt_informed_accuracy","claude_naive_accuracy",TRUE,3.0629572901193,49,0.00355523115884424,0.00870141753552326,0.127988321718393
"101","MECFS","gpt_informed_accuracy","gpt_naive_accuracy",TRUE,-1.79556696779542,49,0.0787312504317997,0.113373000621792,1
"102","MECFS","gpt_naive_accuracy","EXTRATREES_accuracy",TRUE,0.145117766758335,49,0.885213181701908,0.965687107311172,1
"103","MECFS","gpt_naive_accuracy","GLMNETLasso_accuracy",TRUE,-0.171088300858252,49,0.864858894750931,0.965687107311172,1
"104","MECFS","gpt_naive_accuracy","GLMNETRidge_accuracy",TRUE,-1.9805278261463,49,0.053272876571164,0.0871737980255411,1
"105","MECFS","gpt_naive_accuracy","NNET_accuracy",TRUE,0.0465129113793724,49,0.963090498030937,0.990607369403249,1
"106","MECFS","gpt_naive_accuracy","RF_accuracy",TRUE,-0.198069142241003,49,0.843810423631539,0.965687107311172,1
"107","MECFS","gpt_naive_accuracy","claude_informed_accuracy",TRUE,3.73974524261382,49,0.000482785810211665,0.00133694532058615,0.0173802891676199
"108","MECFS","gpt_naive_accuracy","claude_naive_accuracy",TRUE,5.15463879617378,49,4.5422744200105e-06,2.7253646520063e-05,0.000163521879120378
"109","MECFS","EXTRATREES_accuracy","GLMNETLasso_accuracy",FALSE,-0.273435967322025,97.9674888785967,0.785093732395533,0.991398316288279,1
"110","MECFS","EXTRATREES_accuracy","GLMNETRidge_accuracy",FALSE,-1.87271226142224,96.7353343924727,0.0641281199229239,0.10993391986787,1
"111","MECFS","EXTRATREES_accuracy","NNET_accuracy",FALSE,-0.0801007614757821,97.8992451569694,0.936320632050041,0.991398316288279,1
"112","MECFS","EXTRATREES_accuracy","RF_accuracy",FALSE,-0.268869801954688,97.7484100427007,0.788596550633385,0.991398316288279,1
"113","MECFS","GLMNETLasso_accuracy","GLMNETRidge_accuracy",FALSE,-1.56530178538857,96.3146700340161,0.120791982793153,0.181187974189729,1
"114","MECFS","GLMNETLasso_accuracy","NNET_accuracy",FALSE,0.198361579829429,97.7529887206994,0.843174126040985,0.991398316288279,1
"115","MECFS","GLMNETLasso_accuracy","RF_accuracy",FALSE,8.03186444052318e-15,97.8963021732773,0.999999999999994,0.999999999999994,1
"116","MECFS","GLMNETRidge_accuracy","NNET_accuracy",FALSE,1.82130128178267,97.3365165673913,0.071632839065144,0.11721737301569,1
"117","MECFS","GLMNETRidge_accuracy","RF_accuracy",FALSE,1.53631513490627,95.4295580085414,0.127770170734398,0.183989045857533,1
"118","MECFS","NNET_accuracy","RF_accuracy",FALSE,-0.194947504522209,97.3346343564644,0.845840390887844,0.991398316288279,1
"119","MECFS","claude_informed_accuracy","EXTRATREES_accuracy",FALSE,-4.11103220793716,97.9830328676167,8.19279549127556e-05,0.000268127852441746,0.0029494063768592
"120","MECFS","claude_informed_accuracy","GLMNETLasso_accuracy",FALSE,-4.34556673053509,97.997491947164,3.39576099679735e-05,0.000152809244855881,0.00122247395884705
"121","MECFS","claude_informed_accuracy","GLMNETRidge_accuracy",FALSE,-6.19538953093402,96.437041164028,1.42808162952006e-08,2.57054693313611e-07,5.14109386627222e-07
"122","MECFS","claude_informed_accuracy","NNET_accuracy",FALSE,-4.25512788846395,97.8000071913021,4.79267988483286e-05,0.000172536475853983,0.00172536475853983
"123","MECFS","claude_informed_accuracy","RF_accuracy",FALSE,-4.27391388040387,97.8616539570155,4.46259618253128e-05,0.000172536475853983,0.00160653462571126
"124","MECFS","claude_naive_accuracy","EXTRATREES_accuracy",FALSE,-4.91191661157106,91.9677514865944,3.90353720139436e-06,2.34212232083662e-05,0.000140527339250197
"125","MECFS","claude_naive_accuracy","GLMNETLasso_accuracy",FALSE,-5.11475271490362,92.7043939836464,1.68669659548117e-06,1.7149882917293e-05,6.07210774373223e-05
"126","MECFS","claude_naive_accuracy","GLMNETRidge_accuracy",FALSE,-6.70289757185468,86.7615020358478,1.96919928958834e-09,7.08911744251803e-08,7.08911744251803e-08
"127","MECFS","claude_naive_accuracy","NNET_accuracy",FALSE,-5.03851359798455,90.597783847469,2.38192818295736e-06,1.7149882917293e-05,8.57494145864648e-05
"128","MECFS","claude_naive_accuracy","RF_accuracy",FALSE,-5.05051274897367,93.9330456454027,2.15810177064948e-06,1.7149882917293e-05,7.76916637433813e-05
"129","MECFS","claude_naive_accuracy","claude_informed_accuracy",FALSE,-1.3360112087349,92.5031299110665,0.184823129419999,0.255908948427691,1
"130","MECFS","gpt_informed_accuracy","EXTRATREES_accuracy",FALSE,-1.87431693989072,97.6651191505223,0.0638755823966008,0.10993391986787,1
"131","MECFS","gpt_informed_accuracy","GLMNETLasso_accuracy",FALSE,-2.12360875670462,97.8404455022576,0.0362250121145693,0.0815062772577808,1
"132","MECFS","gpt_informed_accuracy","GLMNETRidge_accuracy",FALSE,-3.7829838943406,95.1921505514322,0.000270672749532782,0.000749555306398474,0.00974421898318016
"133","MECFS","gpt_informed_accuracy","NNET_accuracy",FALSE,-1.9800055648847,97.2044472832071,0.0505303257377,0.1010606514754,1
"134","MECFS","gpt_informed_accuracy","RF_accuracy",FALSE,-2.09013908924906,97.9939664351873,0.0391942329994935,0.0829995522342215,1
"135","MECFS","gpt_informed_accuracy","claude_informed_accuracy",FALSE,2.12772877404308,97.7981348422722,0.0358739511974734,0.0815062772577808,1
"136","MECFS","gpt_informed_accuracy","claude_naive_accuracy",FALSE,3.17323518271981,94.2105071878493,0.00203621093134594,0.00523597096631812,0.0733035935284537
"137","MECFS","gpt_informed_accuracy","gpt_naive_accuracy",FALSE,-1.89066037812391,97.8140772081704,0.0616294596680306,0.10993391986787,1
"138","MECFS","gpt_naive_accuracy","EXTRATREES_accuracy",FALSE,0.112081724918993,96.9929751064741,0.910990238394983,0.991398316288279,1
"139","MECFS","gpt_naive_accuracy","GLMNETLasso_accuracy",FALSE,-0.148212474230457,97.3160653234086,0.882481758900953,0.991398316288279,1
"140","MECFS","gpt_naive_accuracy","GLMNETRidge_accuracy",FALSE,-1.64685854925906,93.7183629909796,0.102936430771815,0.161117891642841,1
"141","MECFS","gpt_naive_accuracy","NNET_accuracy",FALSE,0.0378932373372554,96.283030858194,0.969851261938102,0.997561297993476,1
"142","MECFS","gpt_naive_accuracy","RF_accuracy",FALSE,-0.145979925416565,97.7414993228082,0.884237880418868,0.991398316288279,1
"143","MECFS","gpt_naive_accuracy","claude_informed_accuracy",FALSE,4.00999212948163,97.2323426087955,0.000119182501486749,0.000357547504460247,0.00429057005352296
"144","MECFS","gpt_naive_accuracy","claude_naive_accuracy",FALSE,4.81485547878643,95.6029325988471,5.51137113159379e-06,2.83441943910538e-05,0.000198409360737376
"145","TB","EXTRATREES_accuracy","GLMNETLasso_accuracy",TRUE,1.57867780860159,49,0.120844635651293,0.14033570591763,1
"146","TB","EXTRATREES_accuracy","GLMNETRidge_accuracy",TRUE,3.32133179026765,49,0.00169839499732427,0.0025475924959864,0.0611422199036736
"147","TB","EXTRATREES_accuracy","NNET_accuracy",TRUE,3.55600355600533,49,0.000846159796089385,0.00132442402866165,0.0304617526592179
"148","TB","EXTRATREES_accuracy","RF_accuracy",TRUE,0.795685446265421,49,0.430052737956867,0.442339959041349,1
"149","TB","GLMNETLasso_accuracy","GLMNETRidge_accuracy",TRUE,1.10526315789474,49,0.27444311304227,0.299392486955203,1
"150","TB","GLMNETLasso_accuracy","NNET_accuracy",TRUE,2.72268689444203,49,0.00894458796622841,0.011500184528008,0.322005166784223
"151","TB","GLMNETLasso_accuracy","RF_accuracy",TRUE,-0.824517581536338,49,0.41364127251241,0.437973112071964,1
"152","TB","GLMNETRidge_accuracy","NNET_accuracy",TRUE,2.23725357847253,49,0.0298510517128511,0.0370564779883669,1
"153","TB","GLMNETRidge_accuracy","RF_accuracy",TRUE,-1.98843920950919,49,0.0523636799182944,0.0628364159019533,1
"154","TB","NNET_accuracy","RF_accuracy",TRUE,-3.06410905504189,49,0.00354379146189934,0.00490678817801448,0.127576492628376
"155","TB","claude_informed_accuracy","EXTRATREES_accuracy",TRUE,-33.1392926951536,49,3.25276781197957e-35,5.85498206156323e-34,1.17099641231265e-33
"156","TB","claude_informed_accuracy","GLMNETLasso_accuracy",TRUE,-31.0512500634776,49,6.84604227920103e-34,8.21525073504124e-33,2.46457522051237e-32
"157","TB","claude_informed_accuracy","GLMNETRidge_accuracy",TRUE,-33.4202960098826,49,2.18791922254273e-35,5.85498206156323e-34,7.87650920115385e-34
"158","TB","claude_informed_accuracy","NNET_accuracy",TRUE,-26.3777968294401,49,1.29959394891394e-30,5.84817277011275e-30,4.6785382160902e-29
"159","TB","claude_informed_accuracy","RF_accuracy",TRUE,-30.6551491036937,49,1.24604234426979e-33,1.12143810984281e-32,4.48575243937124e-32
"160","TB","claude_naive_accuracy","EXTRATREES_accuracy",TRUE,-28.9061176888043,49,1.91180924662554e-32,1.37650265757039e-31,6.88251328785195e-31
"161","TB","claude_naive_accuracy","GLMNETLasso_accuracy",TRUE,-25.7097284197104,49,4.20385968507597e-30,1.68154387403039e-29,1.51338948662735e-28
"162","TB","claude_naive_accuracy","GLMNETRidge_accuracy",TRUE,-27.7596096054013,49,1.24188716420122e-31,7.45132298520735e-31,4.47079379112441e-30
"163","TB","claude_naive_accuracy","NNET_accuracy",TRUE,-23.7968411600482,49,1.41015398758486e-28,5.0765543553055e-28,5.0765543553055e-27
"164","TB","claude_naive_accuracy","RF_accuracy",TRUE,-26.73300816789,49,7.0353403578768e-31,3.61817504119378e-30,2.53272252883565e-29
"165","TB","claude_naive_accuracy","claude_informed_accuracy",TRUE,1.2389713960826,49,0.221258247829761,0.248915528808481,1
"166","TB","gpt_informed_accuracy","EXTRATREES_accuracy",TRUE,-5.60216537694198,49,9.53965943164193e-07,2.28951826359406e-06,3.43427739539109e-05
"167","TB","gpt_informed_accuracy","GLMNETLasso_accuracy",TRUE,-4.60598680124566,49,2.94365973909011e-05,5.2985875303622e-05,0.00105971750607244
"168","TB","gpt_informed_accuracy","GLMNETRidge_accuracy",TRUE,-4.53856990975159,49,3.68741736966748e-05,6.32128691942997e-05,0.00132747025308029
"169","TB","gpt_informed_accuracy","NNET_accuracy",TRUE,-3.20106785096759,49,0.00240465924122351,0.00346270930736185,0.0865677326840462
"170","TB","gpt_informed_accuracy","RF_accuracy",TRUE,-5.105460888601,49,5.38272183847002e-06,1.076544367694e-05,0.000193777986184921
"171","TB","gpt_informed_accuracy","claude_informed_accuracy",TRUE,16.5404249008932,49,1.08865395339842e-21,3.01473402479562e-21,3.91915423223431e-20
"172","TB","gpt_informed_accuracy","claude_naive_accuracy",TRUE,15.0688767125722,49,5.01221226804175e-20,1.28885458321074e-19,1.80439641649503e-18
"173","TB","gpt_informed_accuracy","gpt_naive_accuracy",TRUE,-0.769365535042517,49,0.445369331769511,0.445369331769511,1
"174","TB","gpt_naive_accuracy","EXTRATREES_accuracy",TRUE,-5.52070088148679,49,1.26971904884582e-06,2.8568678599031e-06,4.57098857584496e-05
"175","TB","gpt_naive_accuracy","GLMNETLasso_accuracy",TRUE,-4.84728526212425,49,1.30342561381931e-05,2.46964853144711e-05,0.000469233220974951
"176","TB","gpt_naive_accuracy","GLMNETRidge_accuracy",TRUE,-4.37685929085333,49,6.30089340376094e-05,0.000103105528425179,0.00226832162535394
"177","TB","gpt_naive_accuracy","NNET_accuracy",TRUE,-3.03579566894778,49,0.00383525463074884,0.00511367284099846,0.138069166706958
"178","TB","gpt_naive_accuracy","RF_accuracy",TRUE,-5.47309025881467,49,1.50013585198925e-06,3.17675827480076e-06,5.4004890671613e-05
"179","TB","gpt_naive_accuracy","claude_informed_accuracy",TRUE,19.5788590259018,49,8.16489218589782e-25,2.67214653356656e-24,2.93936118692321e-23
"180","TB","gpt_naive_accuracy","claude_naive_accuracy",TRUE,17.0588997042668,49,2.98797420750883e-22,8.9639226225265e-22,1.07567071470318e-20
"181","TB","EXTRATREES_accuracy","GLMNETLasso_accuracy",FALSE,0.752554791559623,96.1076940746983,0.453556808856606,0.507793459036002,1
"182","TB","EXTRATREES_accuracy","GLMNETRidge_accuracy",FALSE,1.36807436411603,97.9980713583537,0.174417546241958,0.224251130882518,1
"183","TB","EXTRATREES_accuracy","NNET_accuracy",FALSE,2.4534045442946,89.4573550083737,0.0160896624148953,0.0241344936223429,0.579227846936231
"184","TB","EXTRATREES_accuracy","RF_accuracy",FALSE,0.316231749813021,97.1606034100756,0.75250497441508,0.75250497441508,1
"185","TB","GLMNETLasso_accuracy","GLMNETRidge_accuracy",FALSE,0.514082433910537,95.9910951984214,0.608375826617904,0.644162639948369,1
"186","TB","GLMNETLasso_accuracy","NNET_accuracy",FALSE,1.68617214032913,95.0442279886468,0.0950428032472767,0.126723737663036,1
"187","TB","GLMNETLasso_accuracy","RF_accuracy",FALSE,-0.426310181556477,97.7747516913884,0.67081893689965,0.68998519223964,1
"188","TB","GLMNETRidge_accuracy","NNET_accuracy",FALSE,1.32072178733633,89.2542702664081,0.189970562803229,0.235825526238491,1
"189","TB","GLMNETRidge_accuracy","RF_accuracy",FALSE,-0.985808739940452,97.0800872126522,0.326677566756335,0.379367496878325,1
"190","TB","NNET_accuracy","RF_accuracy",FALSE,-2.10417618173699,93.3786994070357,0.0380500291173137,0.0526846557008958,1
"191","TB","claude_informed_accuracy","EXTRATREES_accuracy",FALSE,-34.4423887530338,89.7743463415708,1.57566012837857e-53,4.11320055551438e-52,5.67237646216284e-52
"192","TB","claude_informed_accuracy","GLMNETLasso_accuracy",FALSE,-31.99302606017,95.2605097629054,9.40284226737102e-53,1.12834107208452e-51,3.38502321625357e-51
"193","TB","claude_informed_accuracy","GLMNETRidge_accuracy",FALSE,-33.3539094080108,89.5731040436991,2.71121895297248e-52,2.44009705767523e-51,9.76038823070091e-51
"194","TB","claude_informed_accuracy","NNET_accuracy",FALSE,-27.9194218358318,97.9952311429238,1.91805587474329e-48,1.38100022981517e-47,6.90500114907583e-47
"195","TB","claude_informed_accuracy","RF_accuracy",FALSE,-33.0062488588312,93.6383974247919,2.28511141973021e-53,4.11320055551438e-52,8.22640111102875e-52
"196","TB","claude_naive_accuracy","EXTRATREES_accuracy",FALSE,-25.0819753054234,72.6804806225211,1.60478344580889e-37,7.22152550614002e-37,5.77722040491201e-36
"197","TB","claude_naive_accuracy","GLMNETLasso_accuracy",FALSE,-23.780026140967,78.9925537302606,9.41099216551237e-38,4.83993882797779e-37,3.38795717958446e-36
"198","TB","claude_naive_accuracy","GLMNETRidge_accuracy",FALSE,-24.2300947076228,72.4970362798812,1.71429739249618e-36,6.85718956998472e-36,6.17147061298625e-35
"199","TB","claude_naive_accuracy","NNET_accuracy",FALSE,-21.3211280159168,87.6335834740819,1.92914341097538e-36,6.94491627951135e-36,6.94491627951135e-35
"200","TB","claude_naive_accuracy","RF_accuracy",FALSE,-24.3631755106795,76.7527745842435,7.31724979757381e-38,4.39034987854428e-37,2.63420992712657e-36
"201","TB","claude_naive_accuracy","claude_informed_accuracy",FALSE,1.21726608513851,87.3011393576191,0.226783227969657,0.272139873563588,1
"202","TB","gpt_informed_accuracy","EXTRATREES_accuracy",FALSE,-4.66569753414064,65.4382986969812,1.56817688382707e-05,3.76362452118496e-05,0.000564543678177744
"203","TB","gpt_informed_accuracy","GLMNETLasso_accuracy",FALSE,-4.12709933599372,70.3350003225178,9.9472463243297e-05,0.000190006442062883,0.00358100867675869
"204","TB","gpt_informed_accuracy","GLMNETRidge_accuracy",FALSE,-3.92734861254162,65.3014015740523,0.000209621594962945,0.0003773188709333,0.00754637741866601
"205","TB","gpt_informed_accuracy","NNET_accuracy",FALSE,-2.8798960400901,77.9683717965924,0.00513376246325528,0.00803545429031261,0.18481544867719
"206","TB","gpt_informed_accuracy","RF_accuracy",FALSE,-4.41926903859578,68.5512369936347,3.61793523400145e-05,7.82688482698898e-05,0.00130245668424052
"207","TB","gpt_informed_accuracy","claude_informed_accuracy",FALSE,16.6864636185824,77.6432548032018,2.13305971864157e-27,5.90693460546896e-27,7.67901498710964e-26
"208","TB","gpt_informed_accuracy","claude_naive_accuracy",FALSE,13.9102142058669,94.3267038200522,1.40434860330051e-24,3.61118212277273e-24,5.05565497188182e-23
"209","TB","gpt_informed_accuracy","gpt_naive_accuracy",FALSE,-0.732814232727946,94.9328746864899,0.465477337449669,0.507793459036002,1
"210","TB","gpt_naive_accuracy","EXTRATREES_accuracy",FALSE,-4.39904048982807,71.9325859639887,3.69602894607813e-05,7.82688482698898e-05,0.00133057042058813
"211","TB","gpt_naive_accuracy","GLMNETLasso_accuracy",FALSE,-3.76656097425761,78.1324883809296,0.000319180796065502,0.000547167078969433,0.0114905086583581
"212","TB","gpt_naive_accuracy","GLMNETRidge_accuracy",FALSE,-3.54096636462943,71.753281946301,0.000704737371760973,0.00115320660833614,0.025370545383395
"213","TB","gpt_naive_accuracy","NNET_accuracy",FALSE,-2.33749047002014,86.7608577466242,0.0217156985799117,0.0312706059550728,0.78176514887682
"214","TB","gpt_naive_accuracy","RF_accuracy",FALSE,-4.10665350737006,75.9251031526955,0.00010028117775541,0.000190006442062883,0.00361012239919477
"215","TB","gpt_naive_accuracy","claude_informed_accuracy",FALSE,19.966273186332,86.4244455359753,3.98526119338369e-34,1.30426729965284e-33,1.43469402961813e-32
"216","TB","gpt_naive_accuracy","claude_naive_accuracy",FALSE,16.2005108006365,97.9674076323507,1.8235243889035e-29,5.4705731667105e-29,6.5646878000526e-28
